Workbook
Name Slicer_Condition: #N/A
Name Slicer_Gender: #N/A
Name Slicer_Hospital_Name: #N/A

Sheet Raw_Data (Original Dataset)
A1: Patient_ID | B1: Age | C1: Gender | D1: Condition | E1: Hospital | F1: Admission_Date | G1: Length_of_Stay | H1: Drug_Cost_GBP | I1: Outcome
A2: P0379 | D2: Kidney Disease | E2: Stafford Hospital | H2: 1715.89 | I2: Referred
A3: P0323 | D3: Diabetes | E3: stoke hospital | I3: Ongoing
A4: P1064 | B4: 94 | C4: Female | D4: Asthma | E4: New Cross Hospital | H4: 903.44 | I4: Recovered
A5: P0471 | D5: Asthma | E5: Stoke Hospital | G5: 18 | I5: Recovered
A6: P0002 | C6: Female | D6: Stroke | E6: Stoke Hospital | F6: 45497 | G6: 13 | I6: Deceased
A7: P0638 | C7: male | D7: Diabetes | E7: Russells Hall Hospital | F7: 45506 | H7: 568.76 | I7: Recovered
A8: P0364 | D8: Stroke | E8: New Cross Hospital | F8: 45360 | G8: 4 | I8: Ongoing
A9: P0553 | B9: 67 | D9: Asthma | E9: Stoke Hospital | F9: 45506 | H9: 1980.5 | I9: Deceased
A10: P0020 | B10: 91 | D10: COPD | E10: Walsall Manor | F10: 45600 | G10: 2 | I10: Recovered
A11: P0929 | C11: Female | D11: Kidney Disease | E11: Stafford Hospital | F11: 45338 | G11: 8 | I11: Ongoing
A12: P0325 | D12: Stroke | E12: Russells Hall Hospital | F12: 45613 | H12: 529.02
A13: P0489 | B13: 71 | C13: FEMALE | D13: Asthma | E13: Russells Hall Hospital | F13: 45332 | G13: 4
A14: P0468 | C14: FEMALE | E14: stoke hospital | F14: 45543 | H14: 1955.27 | I14: Ongoing
A15: P0361 | C15: male | D15: COPD | E15: Stafford Hospital | H15: 528.17 | I15: Ongoing
A16: P0072 | C16: Male | D16: Kidney Disease | E16: New Cross Hospital | F16: 45522 | I16: Recovered
A17: P0654 | C17: Female | D17: diabetes | E17: stoke hospital | F17: 45302 | I17: Referred
A18: P0855 | C18: Male | D18: Kidney Disease | E18: Stoke Hospital | F18: 45314 | G18: 12 | H18: 1382.89 | I18: Deceased
A19: P0237 | B19: 92 | C19: male | D19: Heart Disease | E19: New Cross Hospital | F19: 45486 | G19: 20
A20: P0062 | C20: male | D20: diabetes | E20: New Cross Hospital | G20: 18 | I20: Recovered
A21: P0415 | D21: Hypertension | E21: New Cross Hospital | F21: 45546 | I21: Deceased
A22: P0883 | C22: Female | D22: Stroke | E22: Russells Hall Hospital | F22: 45547 | I22: Referred
A23: P0132 | B23: 35 | C23: male | D23: Hypertension | E23: stoke hospital | F23: 45399 | H23: 1680.71 | I23: Referred
A24: P0927 | C24: male | D24: diabetes | E24: Stoke Hospital | F24: 45401
A25: P0040 | C25: Female | D25: Heart Disease | E25: New Cross Hospital | I25: Referred
A26: P0756 | B26: 36 | C26: Male | D26: Stroke | E26: Keele Hospital | F26: 45413 | I26: Referred
A27: P0558 | C27: male | E27: Stafford Hospital | F27: 45383 | H27: 110.9 | I27: Ongoing
A28: P0014 | C28: FEMALE | E28: New Cross Hospital | F28: 45336 | G28: 13 | H28: 922.99 | I28: Ongoing
A29: P1100 | B29: 33 | C29: male | D29: Asthma | E29: Stoke Hospital | F29: 45342 | I29: Recovered
A30: P0059 | C30: Female | D30: diabetes | E30: Russells Hall Hospital | F30: 45311 | I30: Ongoing
A31: P1062 | C31: FEMALE | D31: Kidney Disease | E31: stoke hospital | F31: 45564 | I31: Deceased
A32: P1147 | C32: male | D32: Asthma | E32: Russells Hall Hospital | F32: 45561
A33: P0412 | B33: 56 | C33: FEMALE | E33: stoke hospital | F33: 45398
A34: P1153 | C34: Male | D34: Kidney Disease | E34: stoke hospital | F34: 45485 | I34: Recovered
A35: P0261 | C35: male | D35: Heart Disease | E35: New Cross Hospital | F35: 45567 | I35: Recovered
A36: P0073 | C36: Female | D36: Hypertension | E36: Keele Hospital | H36: 293.74 | I36: Referred
A37: P1193 | B37: 63 | C37: Male | E37: Walsall Manor | F37: 45456
A38: P0419 | D38: Stroke | E38: Keele Hospital | F38: 45515
A39: P0399 | B39: 35 | C39: Female | D39: Stroke | E39: stoke hospital | G39: 12 | I39: Ongoing
A40: P1113 | C40: Female | D40: Stroke | E40: Russells Hall Hospital | F40: 45359 | G40: 13 | I40: Recovered
A41: P0704 | D41: Stroke | E41: stoke hospital | F41: 45341 | I41: Recovered
A42: P0378 | C42: Male | D42: Stroke | E42: Stafford Hospital | F42: 45311 | H42: 983.3 | I42: Referred
A43: P0159 | C43: Male | D43: COPD | E43: Russells Hall Hospital | F43: 45636 | G43: 2
A44: P0084 | B44: 73 | C44: Female | D44: Hypertension | E44: Russells Hall Hospital | F44: 45473 | I44: Referred
A45: P0663 | C45: Male | D45: Heart Disease | E45: Keele Hospital | F45: 45499 | G45: 6 | H45: 1044.62 | I45: Referred
A46: P1104 | B46: 53 | C46: male | D46: Heart Disease | E46: Stafford Hospital | F46: 45424 | I46: Ongoing
A47: P0102 | C47: Female | D47: Asthma | E47: Walsall Manor | F47: 45328 | G47: 16 | I47: Deceased
A48: P0437 | C48: Male | D48: Heart Disease | E48: Stoke Hospital | I48: Recovered
A49: P0770 | C49: Male | D49: diabetes | E49: Walsall Manor | F49: 45413 | H49: 138.9 | I49: Referred
A50: P0911 | C50: Male | E50: Stoke Hospital | F50: 45573 | H50: 1153.24 | I50: Ongoing
A51: P0880 | B51: 78 | C51: FEMALE | D51: Heart Disease | E51: Walsall Manor | F51: 45489 | H51: 1237.9
A52: P0581 | C52: male | D52: Diabetes | E52: Stoke Hospital | F52: 45451
A53: P0815 | C53: Male | D53: COPD | E53: stoke hospital | F53: 45313 | G53: 13 | I53: Ongoing
A54: P0960 | C54: Female | D54: Stroke | E54: stoke hospital | G54: 8 | I54: Deceased
A55: P0745 | B55: 33 | C55: FEMALE | D55: Hypertension | E55: Russells Hall Hospital | F55: 45525 | H55: 1075.08 | I55: Referred
A56: P0281 | C56: male | D56: Hypertension | E56: Keele Hospital | F56: 45619
A57: P1157 | D57: Stroke | E57: Walsall Manor | F57: 45450 | I57: Ongoing
A58: P0020 | C58: male | D58: Asthma | E58: Russells Hall Hospital | H58: 117.44 | I58: Recovered
A59: P0330 | D59: Stroke | E59: New Cross Hospital | F59: 45344 | G59: 9 | I59: Referred
A60: P0246 | C60: FEMALE | D60: Stroke | E60: New Cross Hospital | F60: 45399 | H60: 301.39 | I60: Referred
A61: P0667 | C61: male | E61: Stafford Hospital | F61: 45491 | I61: Referred
A62: P1156 | D62: Kidney Disease | E62: New Cross Hospital | F62: 45589 | G62: 11 | I62: Recovered
A63: P0672 | B63: 57 | C63: male | D63: Hypertension | E63: Keele Hospital | F63: 45330 | G63: 20 | I63: Referred
A64: P0572 | C64: FEMALE | E64: Walsall Manor | F64: 45479 | I64: Ongoing
A65: P0745 | B65: 84 | C65: FEMALE | D65: Heart Disease | E65: Keele Hospital | F65: 45496 | H65: 1663.91 | I65: Referred
A66: P0931 | B66: 87 | C66: male | D66: Diabetes | E66: Keele Hospital | F66: 45491 | H66: 387.49
A67: P0132 | E67: Walsall Manor | F67: 45373 | I67: Recovered
A68: P0295 | C68: Male | D68: Heart Disease | E68: Keele Hospital | F68: 45463 | I68: Deceased
A69: P0280 | C69: FEMALE | D69: Kidney Disease | E69: stoke hospital | F69: 45559 | I69: Recovered
A70: P0050 | B70: 62 | D70: COPD | E70: Stoke Hospital | F70: 45502 | G70: 13 | I70: Deceased
A71: P0658 | B71: 36 | C71: Female | D71: Heart Disease | E71: Russells Hall Hospital | F71: 45507 | H71: 776.02 | I71: Referred
A72: P0128 | C72: FEMALE | D72: Diabetes | E72: New Cross Hospital | F72: 45322 | H72: 1310.04 | I72: Recovered
A73: P0967 | B73: 31 | E73: Keele Hospital | F73: 45452 | H73: 466.03 | I73: Referred
A74: P0993 | C74: FEMALE | D74: COPD | E74: stoke hospital | F74: 45498 | I74: Ongoing
A75: P0563 | B75: 24 | C75: Male | D75: Stroke | E75: Stoke Hospital | F75: 45496 | I75: Referred
A76: P0322 | C76: male | D76: Hypertension | E76: Walsall Manor | F76: 45522
A77: P0003 | C77: Female | D77: Hypertension | E77: Stafford Hospital | G77: 18 | H77: 335.28 | I77: Referred
A78: P1113 | B78: 85 | D78: Asthma | E78: Stoke Hospital | F78: 45606 | I78: Deceased
A79: P1013 | C79: Female | D79: Asthma | E79: New Cross Hospital | F79: 45390 | G79: 7 | I79: Recovered
A80: P0217 | C80: FEMALE | D80: Kidney Disease | E80: stoke hospital | F80: 45576 | H80: 185.72 | I80: Recovered
A81: P0424 | B81: 78 | D81: Hypertension | E81: Walsall Manor | F81: 45485 | H81: 262.12
A82: P0410 | C82: FEMALE | D82: diabetes | E82: New Cross Hospital | F82: 45444 | H82: 210.37 | I82: Referred
A83: P0209 | C83: Female | D83: diabetes | E83: Stafford Hospital | F83: 45580 | H83: 1660.69 | I83: Ongoing
A84: P0206 | C84: Female | D84: Diabetes | E84: Stafford Hospital | F84: 45384 | H84: 1201.77 | I84: Deceased
A85: P0304 | C85: FEMALE | D85: Kidney Disease | E85: New Cross Hospital | F85: 45500 | H85: 312.55
A86: P1086 | C86: Male | D86: Asthma | E86: New Cross Hospital | G86: 11 | I86: Referred
A87: P0602 | B87: 74 | C87: Male | D87: Hypertension | E87: Walsall Manor | F87: 45625 | I87: Referred
A88: P0406 | D88: Stroke | E88: Stoke Hospital | F88: 45572 | I88: Ongoing
A89: P0675 | B89: 35 | C89: Male | D89: COPD | E89: Walsall Manor | F89: 45334 | I89: Recovered
A90: P1148 | B90: 35 | C90: male | D90: Hypertension | E90: New Cross Hospital | F90: 45523 | H90: 1110.45 | I90: Recovered
A91: P0340 | C91: Female | E91: stoke hospital | F91: 45293 | G91: 12 | I91: Deceased
A92: P0325 | C92: Female | D92: Heart Disease | E92: New Cross Hospital | H92: 1200.12
A93: P0540 | C93: Female | D93: COPD | E93: Stoke Hospital | F93: 45489 | G93: 13 | H93: 699.03 | I93: Recovered
A94: P0843 | D94: Heart Disease | E94: Walsall Manor | F94: 45635 | I94: Deceased
A95: P0677 | E95: Russells Hall Hospital | F95: 45645 | I95: Recovered
A96: P0660 | C96: male | D96: diabetes | E96: Keele Hospital | I96: Deceased
A97: P0490 | D97: Asthma | E97: Russells Hall Hospital | F97: 45416 | I97: Recovered
A98: P0864 | D98: diabetes | E98: stoke hospital | H98: 1618.3 | I98: Ongoing
A99: P0613 | C99: Male | D99: COPD | E99: Stafford Hospital | G99: 15 | I99: Deceased
A100: P0628 | B100: 68 | C100: Male | D100: Kidney Disease | E100: New Cross Hospital | F100: 45563 | H100: 1187.6 | I100: Deceased
...

Sheet Cleaned_Data
A1: Patient_ID | B1: Age (Years) | C1: Gender | D1: Condition | E1: Hospital Name | F1: Admission_Date | G1: Length_of_Stay (Days) | H1: Drug_Cost_GBP | I1: Outcome | J1: Age Group | K1: High Cost Case | L1: Age > 75 | M1: > AverageCost | N1: Admission Month
A2: P1189 | B2: 95 | C2: FEMALE | D2: Diabetes | E2: Stafford Hospital | F2: 45629 | G2: 7 | H2: 1542.11 | I2: Referred | J2: {=_xlfn.IFS(Table3[[#This Row],[Age (Years)]] < 40, "Young", Table3[[#This Row],[Age (Years)]] >= 40, "Middle", Table3[[#This Row],[Age (Years)]] > 60, "Senior")} -> Middle | K2: {=_xlfn.IFS(Table3[[#This Row],[Drug_Cost_GBP]] > 1200, "High Cost", Table3[[#This Row],[Drug_Cost_GBP]] < 1200, "Normal")} -> High Cost | L2: {=IFERROR(_xlfn.IFS(Table3[[#This Row],[Age (Years)]] > 75, "YES", Table3[[#This Row],[Age (Years)]] < 75, "NO"), "UNKNOWN")} -> YES | M2: =IF(Table3[[#This Row],[Drug_Cost_GBP]] > Analysis_Sheet!$B$21, "Above Average", "Within Average") -> Above Average | N2: =IF(ISNUMBER(F2),TEXT(F2,"MMMM YYYY"),"Unknown") -> December 2024
A3: P1158 | B3: 95 | C3: FEMALE | D3: Kidney Disease | E3: Keele Hospital | F3: 45621 | G3: 12 | H3: 1002.0676 | I3: Recovered | J3: {=_xlfn.IFS(Table3[[#This Row],[Age (Years)]] < 40, "Young", Table3[[#This Row],[Age (Years)]] >= 40, "Middle", Table3[[#This Row],[Age (Years)]] > 60, "Senior")} -> Middle | K3: {=_xlfn.IFS(Table3[[#This Row],[Drug_Cost_GBP]] > 1200, "High Cost", Table3[[#This Row],[Drug_Cost_GBP]] < 1200, "Normal")} -> Normal | L3: {=IFERROR(_xlfn.IFS(Table3[[#This Row],[Age (Years)]] > 75, "YES", Table3[[#This Row],[Age (Years)]] < 75, "NO"), "UNKNOWN")} -> YES | M3: =IF(Table3[[#This Row],[Drug_Cost_GBP]] > Analysis_Sheet!$B$21, "Above Average", "Within Average") -> Within Average | N3: =IF(ISNUMBER(F3),TEXT(F3,"MMMM YYYY"),"Unknown") -> November 2024
A4: P0392 | B4: 95 | C4: FEMALE | D4: Diabetes | E4: Russells Hall Hospital | F4: 45467 | G4: 19 | H4: 490.75 | I4: Unknown | J4: {=_xlfn.IFS(Table3[[#This Row],[Age (Years)]] < 40, "Young", Table3[[#This Row],[Age (Years)]] >= 40, "Middle", Table3[[#This Row],[Age (Years)]] > 60, "Senior")} -> Middle | K4: {=_xlfn.IFS(Table3[[#This Row],[Drug_Cost_GBP]] > 1200, "High Cost", Table3[[#This Row],[Drug_Cost_GBP]] < 1200, "Normal")} -> Normal | L4: {=IFERROR(_xlfn.IFS(Table3[[#This Row],[Age (Years)]] > 75, "YES", Table3[[#This Row],[Age (Years)]] < 75, "NO"), "UNKNOWN")} -> YES | M4: =IF(Table3[[#This Row],[Drug_Cost_GBP]] > Analysis_Sheet!$B$21, "Above Average", "Within Average") -> Within Average | N4: =IF(ISNUMBER(F4),TEXT(F4,"MMMM YYYY"),"Unknown") -> June 2024
A5: P0754 | B5: 95 | C5: FEMALE | D5: Stroke | E5: Stoke Hospital | F5: Unknown | G5: 12 | H5: 1002.0676 | I5: Ongoing | J5: {=_xlfn.IFS(Table3[[#This Row],[Age (Years)]] < 40, "Young", Table3[[#This Row],[Age (Years)]] >= 40, "Middle", Table3[[#This Row],[Age (Years)]] > 60, "Senior")} -> Middle | K5: {=_xlfn.IFS(Table3[[#This Row],[Drug_Cost_GBP]] > 1200, "High Cost", Table3[[#This Row],[Drug_Cost_GBP]] < 1200, "Normal")} -> Normal | L5: {=IFERROR(_xlfn.IFS(Table3[[#This Row],[Age (Years)]] > 75, "YES", Table3[[#This Row],[Age (Years)]] < 75, "NO"), "UNKNOWN")} -> YES | M5: =IF(Table3[[#This Row],[Drug_Cost_GBP]] > Analysis_Sheet!$B$21, "Above Average", "Within Average") -> Within Average | N5: =IF(ISNUMBER(F5),TEXT(F5,"MMMM YYYY"),"Unknown") -> Unknown
A6: P0319 | B6: 95 | C6: FEMALE | D6: Stroke | E6: New Cross Hospital | F6: 45616 | G6: 12 | H6: 1410.32 | I6: Unknown | J6: {=_xlfn.IFS(Table3[[#This Row],[Age (Years)]] < 40, "Young", Table3[[#This Row],[Age (Years)]] >= 40, "Middle", Table3[[#This Row],[Age (Years)]] > 60, "Senior")} -> Middle | K6: {=_xlfn.IFS(Table3[[#This Row],[Drug_Cost_GBP]] > 1200, "High Cost", Table3[[#This Row],[Drug_Cost_GBP]] < 1200, "Normal")} -> High Cost | L6: {=IFERROR(_xlfn.IFS(Table3[[#This Row],[Age (Years)]] > 75, "YES", Table3[[#This Row],[Age (Years)]] < 75, "NO"), "UNKNOWN")} -> YES | M6: =IF(Table3[[#This Row],[Drug_Cost_GBP]] > Analysis_Sheet!$B$21, "Above Average", "Within Average") -> Above Average | N6: =IF(ISNUMBER(F6),TEXT(F6,"MMMM YYYY"),"Unknown") -> November 2024
A7: P0874 | B7: 95 | C7: Unknown | D7: Copd | E7: New Cross Hospital | F7: Unknown | G7: 12 | H7: 1181.22 | I7: Unknown | J7: {=_xlfn.IFS(Table3[[#This Row],[Age (Years)]] < 40, "Young", Table3[[#This Row],[Age (Years)]] >= 40, "Middle", Table3[[#This Row],[Age (Years)]] > 60, "Senior")} -> Middle | K7: {=_xlfn.IFS(Table3[[#This Row],[Drug_Cost_GBP]] > 1200, "High Cost", Table3[[#This Row],[Drug_Cost_GBP]] < 1200, "Normal")} -> Normal | L7: {=IFERROR(_xlfn.IFS(Table3[[#This Row],[Age (Years)]] > 75, "YES", Table3[[#This Row],[Age (Years)]] < 75, "NO"), "UNKNOWN")} -> YES | M7: =IF(Table3[[#This Row],[Drug_Cost_GBP]] > Analysis_Sheet!$B$21, "Above Average", "Within Average") -> Above Average | N7: =IF(ISNUMBER(F7),TEXT(F7,"MMMM YYYY"),"Unknown") -> Unknown
A8: P1064 | B8: 94 | C8: FEMALE | D8: Asthma | E8: New Cross Hospital | F8: Unknown | G8: 12 | H8: 903.44 | I8: Recovered | J8: {=_xlfn.IFS(Table3[[#This Row],[Age (Years)]] < 40, "Young", Table3[[#This Row],[Age (Years)]] >= 40, "Middle", Table3[[#This Row],[Age (Years)]] > 60, "Senior")} -> Middle | K8: {=_xlfn.IFS(Table3[[#This Row],[Drug_Cost_GBP]] > 1200, "High Cost", Table3[[#This Row],[Drug_Cost_GBP]] < 1200, "Normal")} -> Normal | L8: {=IFERROR(_xlfn.IFS(Table3[[#This Row],[Age (Years)]] > 75, "YES", Table3[[#This Row],[Age (Years)]] < 75, "NO"), "UNKNOWN")} -> YES | M8: =IF(Table3[[#This Row],[Drug_Cost_GBP]] > Analysis_Sheet!$B$21, "Above Average", "Within Average") -> Within Average | N8: =IF(ISNUMBER(F8),TEXT(F8,"MMMM YYYY"),"Unknown") -> Unknown
A9: P1118 | B9: 94 | C9: FEMALE | D9: Copd | E9: Stoke Hospital | F9: 45356 | G9: 12 | H9: 851.41 | I9: Recovered | J9: {=_xlfn.IFS(Table3[[#This Row],[Age (Years)]] < 40, "Young", Table3[[#This Row],[Age (Years)]] >= 40, "Middle", Table3[[#This Row],[Age (Years)]] > 60, "Senior")} -> Middle | K9: {=_xlfn.IFS(Table3[[#This Row],[Drug_Cost_GBP]] > 1200, "High Cost", Table3[[#This Row],[Drug_Cost_GBP]] < 1200, "Normal")} -> Normal | L9: {=IFERROR(_xlfn.IFS(Table3[[#This Row],[Age (Years)]] > 75, "YES", Table3[[#This Row],[Age (Years)]] < 75, "NO"), "UNKNOWN")} -> YES | M9: =IF(Table3[[#This Row],[Drug_Cost_GBP]] > Analysis_Sheet!$B$21, "Above Average", "Within Average") -> Within Average | N9: =IF(ISNUMBER(F9),TEXT(F9,"MMMM YYYY"),"Unknown") -> March 2024
A10: P0999 | B10: 94 | C10: MALE | D10: Heart Disease | E10: New Cross Hospital | F10: 45524 | G10: 12 | H10: 1809.21 | I10: Unknown | J10: {=_xlfn.IFS(Table3[[#This Row],[Age (Years)]] < 40, "Young", Table3[[#This Row],[Age (Years)]] >= 40, "Middle", Table3[[#This Row],[Age (Years)]] > 60, "Senior")} -> Middle | K10: {=_xlfn.IFS(Table3[[#This Row],[Drug_Cost_GBP]] > 1200, "High Cost", Table3[[#This Row],[Drug_Cost_GBP]] < 1200, "Normal")} -> High Cost | L10: {=IFERROR(_xlfn.IFS(Table3[[#This Row],[Age (Years)]] > 75, "YES", Table3[[#This Row],[Age (Years)]] < 75, "NO"), "UNKNOWN")} -> YES | M10: =IF(Table3[[#This Row],[Drug_Cost_GBP]] > Analysis_Sheet!$B$21, "Above Average", "Within Average") -> Above Average | N10: =IF(ISNUMBER(F10),TEXT(F10,"MMMM YYYY"),"Unknown") -> August 2024
A11: P0749 | B11: 93 | C11: Unknown | D11: Copd | E11: Walsall Manor | F11: 45500 | G11: 12 | H11: 1202.99 | I11: Unknown | J11: {=_xlfn.IFS(Table3[[#This Row],[Age (Years)]] < 40, "Young", Table3[[#This Row],[Age (Years)]] >= 40, "Middle", Table3[[#This Row],[Age (Years)]] > 60, "Senior")} -> Middle | K11: {=_xlfn.IFS(Table3[[#This Row],[Drug_Cost_GBP]] > 1200, "High Cost", Table3[[#This Row],[Drug_Cost_GBP]] < 1200, "Normal")} -> High Cost | L11: {=IFERROR(_xlfn.IFS(Table3[[#This Row],[Age (Years)]] > 75, "YES", Table3[[#This Row],[Age (Years)]] < 75, "NO"), "UNKNOWN")} -> YES | M11: =IF(Table3[[#This Row],[Drug_Cost_GBP]] > Analysis_Sheet!$B$21, "Above Average", "Within Average") -> Above Average | N11: =IF(ISNUMBER(F11),TEXT(F11,"MMMM YYYY"),"Unknown") -> July 2024
A12: P0191 | B12: 93 | C12: Unknown | D12: Copd | E12: Stoke Hospital | F12: 45307 | G12: 3 | H12: 1081.83 | I12: Referred | J12: {=_xlfn.IFS(Table3[[#This Row],[Age (Years)]] < 40, "Young", Table3[[#This Row],[Age (Years)]] >= 40, "Middle", Table3[[#This Row],[Age (Years)]] > 60, "Senior")} -> Middle | K12: {=_xlfn.IFS(Table3[[#This Row],[Drug_Cost_GBP]] > 1200, "High Cost", Table3[[#This Row],[Drug_Cost_GBP]] < 1200, "Normal")} -> Normal | L12: {=IFERROR(_xlfn.IFS(Table3[[#This Row],[Age (Years)]] > 75, "YES", Table3[[#This Row],[Age (Years)]] < 75, "NO"), "UNKNOWN")} -> YES | M12: =IF(Table3[[#This Row],[Drug_Cost_GBP]] > Analysis_Sheet!$B$21, "Above Average", "Within Average") -> Above Average | N12: =IF(ISNUMBER(F12),TEXT(F12,"MMMM YYYY"),"Unknown") -> January 2024
A13: P0634 | B13: 93 | C13: MALE | D13: Stroke | E13: New Cross Hospital | F13: Unknown | G13: 12 | H13: 877.29 | I13: Deceased | J13: {=_xlfn.IFS(Table3[[#This Row],[Age (Years)]] < 40, "Young", Table3[[#This Row],[Age (Years)]] >= 40, "Middle", Table3[[#This Row],[Age (Years)]] > 60, "Senior")} -> Middle | K13: {=_xlfn.IFS(Table3[[#This Row],[Drug_Cost_GBP]] > 1200, "High Cost", Table3[[#This Row],[Drug_Cost_GBP]] < 1200, "Normal")} -> Normal | L13: {=IFERROR(_xlfn.IFS(Table3[[#This Row],[Age (Years)]] > 75, "YES", Table3[[#This Row],[Age (Years)]] < 75, "NO"), "UNKNOWN")} -> YES | M13: =IF(Table3[[#This Row],[Drug_Cost_GBP]] > Analysis_Sheet!$B$21, "Above Average", "Within Average") -> Within Average | N13: =IF(ISNUMBER(F13),TEXT(F13,"MMMM YYYY"),"Unknown") -> Unknown
A14: P0237 | B14: 92 | C14: MALE | D14: Heart Disease | E14: New Cross Hospital | F14: 45486 | G14: 20 | H14: 1002.0676 | I14: Unknown | J14: {=_xlfn.IFS(Table3[[#This Row],[Age (Years)]] < 40, "Young", Table3[[#This Row],[Age (Years)]] >= 40, "Middle", Table3[[#This Row],[Age (Years)]] > 60, "Senior")} -> Middle | K14: {=_xlfn.IFS(Table3[[#This Row],[Drug_Cost_GBP]] > 1200, "High Cost", Table3[[#This Row],[Drug_Cost_GBP]] < 1200, "Normal")} -> Normal | L14: {=IFERROR(_xlfn.IFS(Table3[[#This Row],[Age (Years)]] > 75, "YES", Table3[[#This Row],[Age (Years)]] < 75, "NO"), "UNKNOWN")} -> YES | M14: =IF(Table3[[#This Row],[Drug_Cost_GBP]] > Analysis_Sheet!$B$21, "Above Average", "Within Average") -> Within Average | N14: =IF(ISNUMBER(F14),TEXT(F14,"MMMM YYYY"),"Unknown") -> July 2024
A15: P0680 | B15: 92 | C15: MALE | D15: Heart Disease | E15: Walsall Manor | F15: 45426 | G15: 12 | H15: 1002.0676 | I15: Recovered | J15: {=_xlfn.IFS(Table3[[#This Row],[Age (Years)]] < 40, "Young", Table3[[#This Row],[Age (Years)]] >= 40, "Middle", Table3[[#This Row],[Age (Years)]] > 60, "Senior")} -> Middle | K15: {=_xlfn.IFS(Table3[[#This Row],[Drug_Cost_GBP]] > 1200, "High Cost", Table3[[#This Row],[Drug_Cost_GBP]] < 1200, "Normal")} -> Normal | L15: {=IFERROR(_xlfn.IFS(Table3[[#This Row],[Age (Years)]] > 75, "YES", Table3[[#This Row],[Age (Years)]] < 75, "NO"), "UNKNOWN")} -> YES | M15: =IF(Table3[[#This Row],[Drug_Cost_GBP]] > Analysis_Sheet!$B$21, "Above Average", "Within Average") -> Within Average | N15: =IF(ISNUMBER(F15),TEXT(F15,"MMMM YYYY"),"Unknown") -> May 2024
A16: P0925 | B16: 92 | C16: MALE | D16: Copd | E16: Stafford Hospital | F16: 45351 | G16: 12 | H16: 450.32 | I16: Referred | J16: {=_xlfn.IFS(Table3[[#This Row],[Age (Years)]] < 40, "Young", Table3[[#This Row],[Age (Years)]] >= 40, "Middle", Table3[[#This Row],[Age (Years)]] > 60, "Senior")} -> Middle | K16: {=_xlfn.IFS(Table3[[#This Row],[Drug_Cost_GBP]] > 1200, "High Cost", Table3[[#This Row],[Drug_Cost_GBP]] < 1200, "Normal")} -> Normal | L16: {=IFERROR(_xlfn.IFS(Table3[[#This Row],[Age (Years)]] > 75, "YES", Table3[[#This Row],[Age (Years)]] < 75, "NO"), "UNKNOWN")} -> YES | M16: =IF(Table3[[#This Row],[Drug_Cost_GBP]] > Analysis_Sheet!$B$21, "Above Average", "Within Average") -> Within Average | N16: =IF(ISNUMBER(F16),TEXT(F16,"MMMM YYYY"),"Unknown") -> February 2024
A17: P0178 | B17: 92 | C17: Unknown | D17: Copd | E17: Stoke Hospital | F17: 45587 | G17: 12 | H17: 1002.0676 | I17: Unknown | J17: {=_xlfn.IFS(Table3[[#This Row],[Age (Years)]] < 40, "Young", Table3[[#This Row],[Age (Years)]] >= 40, "Middle", Table3[[#This Row],[Age (Years)]] > 60, "Senior")} -> Middle | K17: {=_xlfn.IFS(Table3[[#This Row],[Drug_Cost_GBP]] > 1200, "High Cost", Table3[[#This Row],[Drug_Cost_GBP]] < 1200, "Normal")} -> Normal | L17: {=IFERROR(_xlfn.IFS(Table3[[#This Row],[Age (Years)]] > 75, "YES", Table3[[#This Row],[Age (Years)]] < 75, "NO"), "UNKNOWN")} -> YES | M17: =IF(Table3[[#This Row],[Drug_Cost_GBP]] > Analysis_Sheet!$B$21, "Above Average", "Within Average") -> Within Average | N17: =IF(ISNUMBER(F17),TEXT(F17,"MMMM YYYY"),"Unknown") -> October 2024
A18: P0020 | B18: 91 | C18: Unknown | D18: Copd | E18: Walsall Manor | F18: 45600 | G18: 2 | H18: 1002.0676 | I18: Recovered | J18: {=_xlfn.IFS(Table3[[#This Row],[Age (Years)]] < 40, "Young", Table3[[#This Row],[Age (Years)]] >= 40, "Middle", Table3[[#This Row],[Age (Years)]] > 60, "Senior")} -> Middle | K18: {=_xlfn.IFS(Table3[[#This Row],[Drug_Cost_GBP]] > 1200, "High Cost", Table3[[#This Row],[Drug_Cost_GBP]] < 1200, "Normal")} -> Normal | L18: {=IFERROR(_xlfn.IFS(Table3[[#This Row],[Age (Years)]] > 75, "YES", Table3[[#This Row],[Age (Years)]] < 75, "NO"), "UNKNOWN")} -> YES | M18: =IF(Table3[[#This Row],[Drug_Cost_GBP]] > Analysis_Sheet!$B$21, "Above Average", "Within Average") -> Within Average | N18: =IF(ISNUMBER(F18),TEXT(F18,"MMMM YYYY"),"Unknown") -> November 2024
A19: P0366 | B19: 91 | C19: FEMALE | D19: Asthma | E19: Stafford Hospital | F19: Unknown | G19: 12 | H19: 1744.92 | I19: Recovered | J19: {=_xlfn.IFS(Table3[[#This Row],[Age (Years)]] < 40, "Young", Table3[[#This Row],[Age (Years)]] >= 40, "Middle", Table3[[#This Row],[Age (Years)]] > 60, "Senior")} -> Middle | K19: {=_xlfn.IFS(Table3[[#This Row],[Drug_Cost_GBP]] > 1200, "High Cost", Table3[[#This Row],[Drug_Cost_GBP]] < 1200, "Normal")} -> High Cost | L19: {=IFERROR(_xlfn.IFS(Table3[[#This Row],[Age (Years)]] > 75, "YES", Table3[[#This Row],[Age (Years)]] < 75, "NO"), "UNKNOWN")} -> YES | M19: =IF(Table3[[#This Row],[Drug_Cost_GBP]] > Analysis_Sheet!$B$21, "Above Average", "Within Average") -> Above Average | N19: =IF(ISNUMBER(F19),TEXT(F19,"MMMM YYYY"),"Unknown") -> Unknown
A20: P0827 | B20: 91 | C20: FEMALE | D20: Stroke | E20: Stafford Hospital | F20: Unknown | G20: 16 | H20: 1002.0676 | I20: Unknown | J20: {=_xlfn.IFS(Table3[[#This Row],[Age (Years)]] < 40, "Young", Table3[[#This Row],[Age (Years)]] >= 40, "Middle", Table3[[#This Row],[Age (Years)]] > 60, "Senior")} -> Middle | K20: {=_xlfn.IFS(Table3[[#This Row],[Drug_Cost_GBP]] > 1200, "High Cost", Table3[[#This Row],[Drug_Cost_GBP]] < 1200, "Normal")} -> Normal | L20: {=IFERROR(_xlfn.IFS(Table3[[#This Row],[Age (Years)]] > 75, "YES", Table3[[#This Row],[Age (Years)]] < 75, "NO"), "UNKNOWN")} -> YES | M20: =IF(Table3[[#This Row],[Drug_Cost_GBP]] > Analysis_Sheet!$B$21, "Above Average", "Within Average") -> Within Average | N20: =IF(ISNUMBER(F20),TEXT(F20,"MMMM YYYY"),"Unknown") -> Unknown
A21: P0221 | B21: 91 | C21: FEMALE | D21: Hypertension | E21: New Cross Hospital | F21: 45521 | G21: 12 | H21: 787.12 | I21: Deceased | J21: {=_xlfn.IFS(Table3[[#This Row],[Age (Years)]] < 40, "Young", Table3[[#This Row],[Age (Years)]] >= 40, "Middle", Table3[[#This Row],[Age (Years)]] > 60, "Senior")} -> Middle | K21: {=_xlfn.IFS(Table3[[#This Row],[Drug_Cost_GBP]] > 1200, "High Cost", Table3[[#This Row],[Drug_Cost_GBP]] < 1200, "Normal")} -> Normal | L21: {=IFERROR(_xlfn.IFS(Table3[[#This Row],[Age (Years)]] > 75, "YES", Table3[[#This Row],[Age (Years)]] < 75, "NO"), "UNKNOWN")} -> YES | M21: =IF(Table3[[#This Row],[Drug_Cost_GBP]] > Analysis_Sheet!$B$21, "Above Average", "Within Average") -> Within Average | N21: =IF(ISNUMBER(F21),TEXT(F21,"MMMM YYYY"),"Unknown") -> August 2024
A22: P0218 | B22: 89 | C22: MALE | D22: Copd | E22: Walsall Manor | F22: 45380 | G22: 12 | H22: 502.99 | I22: Ongoing | J22: {=_xlfn.IFS(Table3[[#This Row],[Age (Years)]] < 40, "Young", Table3[[#This Row],[Age (Years)]] >= 40, "Middle", Table3[[#This Row],[Age (Years)]] > 60, "Senior")} -> Middle | K22: {=_xlfn.IFS(Table3[[#This Row],[Drug_Cost_GBP]] > 1200, "High Cost", Table3[[#This Row],[Drug_Cost_GBP]] < 1200, "Normal")} -> Normal | L22: {=IFERROR(_xlfn.IFS(Table3[[#This Row],[Age (Years)]] > 75, "YES", Table3[[#This Row],[Age (Years)]] < 75, "NO"), "UNKNOWN")} -> YES | M22: =IF(Table3[[#This Row],[Drug_Cost_GBP]] > Analysis_Sheet!$B$21, "Above Average", "Within Average") -> Within Average | N22: =IF(ISNUMBER(F22),TEXT(F22,"MMMM YYYY"),"Unknown") -> March 2024
A23: P1190 | B23: 88 | C23: FEMALE | D23: Heart Disease | E23: Stoke Hospital | F23: 45381 | G23: 6 | H23: 1002.0676 | I23: Unknown | J23: {=_xlfn.IFS(Table3[[#This Row],[Age (Years)]] < 40, "Young", Table3[[#This Row],[Age (Years)]] >= 40, "Middle", Table3[[#This Row],[Age (Years)]] > 60, "Senior")} -> Middle | K23: {=_xlfn.IFS(Table3[[#This Row],[Drug_Cost_GBP]] > 1200, "High Cost", Table3[[#This Row],[Drug_Cost_GBP]] < 1200, "Normal")} -> Normal | L23: {=IFERROR(_xlfn.IFS(Table3[[#This Row],[Age (Years)]] > 75, "YES", Table3[[#This Row],[Age (Years)]] < 75, "NO"), "UNKNOWN")} -> YES | M23: =IF(Table3[[#This Row],[Drug_Cost_GBP]] > Analysis_Sheet!$B$21, "Above Average", "Within Average") -> Within Average | N23: =IF(ISNUMBER(F23),TEXT(F23,"MMMM YYYY"),"Unknown") -> March 2024
A24: P0583 | B24: 88 | C24: MALE | D24: Kidney Disease | E24: New Cross Hospital | F24: Unknown | G24: 12 | H24: 879.82 | I24: Deceased | J24: {=_xlfn.IFS(Table3[[#This Row],[Age (Years)]] < 40, "Young", Table3[[#This Row],[Age (Years)]] >= 40, "Middle", Table3[[#This Row],[Age (Years)]] > 60, "Senior")} -> Middle | K24: {=_xlfn.IFS(Table3[[#This Row],[Drug_Cost_GBP]] > 1200, "High Cost", Table3[[#This Row],[Drug_Cost_GBP]] < 1200, "Normal")} -> Normal | L24: {=IFERROR(_xlfn.IFS(Table3[[#This Row],[Age (Years)]] > 75, "YES", Table3[[#This Row],[Age (Years)]] < 75, "NO"), "UNKNOWN")} -> YES | M24: =IF(Table3[[#This Row],[Drug_Cost_GBP]] > Analysis_Sheet!$B$21, "Above Average", "Within Average") -> Within Average | N24: =IF(ISNUMBER(F24),TEXT(F24,"MMMM YYYY"),"Unknown") -> Unknown
A25: P0931 | B25: 87 | C25: MALE | D25: Diabetes | E25: Keele Hospital | F25: 45491 | G25: 12 | H25: 387.49 | I25: Unknown | J25: {=_xlfn.IFS(Table3[[#This Row],[Age (Years)]] < 40, "Young", Table3[[#This Row],[Age (Years)]] >= 40, "Middle", Table3[[#This Row],[Age (Years)]] > 60, "Senior")} -> Middle | K25: {=_xlfn.IFS(Table3[[#This Row],[Drug_Cost_GBP]] > 1200, "High Cost", Table3[[#This Row],[Drug_Cost_GBP]] < 1200, "Normal")} -> Normal | L25: {=IFERROR(_xlfn.IFS(Table3[[#This Row],[Age (Years)]] > 75, "YES", Table3[[#This Row],[Age (Years)]] < 75, "NO"), "UNKNOWN")} -> YES | M25: =IF(Table3[[#This Row],[Drug_Cost_GBP]] > Analysis_Sheet!$B$21, "Above Average", "Within Average") -> Within Average | N25: =IF(ISNUMBER(F25),TEXT(F25,"MMMM YYYY"),"Unknown") -> July 2024
A26: P0443 | B26: 87 | C26: Unknown | D26: Asthma | E26: New Cross Hospital | F26: 45477 | G26: 12 | H26: 1002.0676 | I26: Recovered | J26: {=_xlfn.IFS(Table3[[#This Row],[Age (Years)]] < 40, "Young", Table3[[#This Row],[Age (Years)]] >= 40, "Middle", Table3[[#This Row],[Age (Years)]] > 60, "Senior")} -> Middle | K26: {=_xlfn.IFS(Table3[[#This Row],[Drug_Cost_GBP]] > 1200, "High Cost", Table3[[#This Row],[Drug_Cost_GBP]] < 1200, "Normal")} -> Normal | L26: {=IFERROR(_xlfn.IFS(Table3[[#This Row],[Age (Years)]] > 75, "YES", Table3[[#This Row],[Age (Years)]] < 75, "NO"), "UNKNOWN")} -> YES | M26: =IF(Table3[[#This Row],[Drug_Cost_GBP]] > Analysis_Sheet!$B$21, "Above Average", "Within Average") -> Within Average | N26: =IF(ISNUMBER(F26),TEXT(F26,"MMMM YYYY"),"Unknown") -> July 2024
A27: P0893 | B27: 87 | C27: Unknown | D27: Heart Disease | E27: Stafford Hospital | F27: 45331 | G27: 5 | H27: 791.73 | I27: Recovered | J27: {=_xlfn.IFS(Table3[[#This Row],[Age (Years)]] < 40, "Young", Table3[[#This Row],[Age (Years)]] >= 40, "Middle", Table3[[#This Row],[Age (Years)]] > 60, "Senior")} -> Middle | K27: {=_xlfn.IFS(Table3[[#This Row],[Drug_Cost_GBP]] > 1200, "High Cost", Table3[[#This Row],[Drug_Cost_GBP]] < 1200, "Normal")} -> Normal | L27: {=IFERROR(_xlfn.IFS(Table3[[#This Row],[Age (Years)]] > 75, "YES", Table3[[#This Row],[Age (Years)]] < 75, "NO"), "UNKNOWN")} -> YES | M27: =IF(Table3[[#This Row],[Drug_Cost_GBP]] > Analysis_Sheet!$B$21, "Above Average", "Within Average") -> Within Average | N27: =IF(ISNUMBER(F27),TEXT(F27,"MMMM YYYY"),"Unknown") -> February 2024
A28: P0389 | B28: 87 | C28: MALE | D28: Asthma | E28: New Cross Hospital | F28: 45515 | G28: 10 | H28: 1002.0676 | I28: Unknown | J28: {=_xlfn.IFS(Table3[[#This Row],[Age (Years)]] < 40, "Young", Table3[[#This Row],[Age (Years)]] >= 40, "Middle", Table3[[#This Row],[Age (Years)]] > 60, "Senior")} -> Middle | K28: {=_xlfn.IFS(Table3[[#This Row],[Drug_Cost_GBP]] > 1200, "High Cost", Table3[[#This Row],[Drug_Cost_GBP]] < 1200, "Normal")} -> Normal | L28: {=IFERROR(_xlfn.IFS(Table3[[#This Row],[Age (Years)]] > 75, "YES", Table3[[#This Row],[Age (Years)]] < 75, "NO"), "UNKNOWN")} -> YES | M28: =IF(Table3[[#This Row],[Drug_Cost_GBP]] > Analysis_Sheet!$B$21, "Above Average", "Within Average") -> Within Average | N28: =IF(ISNUMBER(F28),TEXT(F28,"MMMM YYYY"),"Unknown") -> August 2024
A29: P0411 | B29: 87 | C29: MALE | D29: Kidney Disease | E29: Russells Hall Hospital | F29: Unknown | G29: 12 | H29: 1002.0676 | I29: Recovered | J29: {=_xlfn.IFS(Table3[[#This Row],[Age (Years)]] < 40, "Young", Table3[[#This Row],[Age (Years)]] >= 40, "Middle", Table3[[#This Row],[Age (Years)]] > 60, "Senior")} -> Middle | K29: {=_xlfn.IFS(Table3[[#This Row],[Drug_Cost_GBP]] > 1200, "High Cost", Table3[[#This Row],[Drug_Cost_GBP]] < 1200, "Normal")} -> Normal | L29: {=IFERROR(_xlfn.IFS(Table3[[#This Row],[Age (Years)]] > 75, "YES", Table3[[#This Row],[Age (Years)]] < 75, "NO"), "UNKNOWN")} -> YES | M29: =IF(Table3[[#This Row],[Drug_Cost_GBP]] > Analysis_Sheet!$B$21, "Above Average", "Within Average") -> Within Average | N29: =IF(ISNUMBER(F29),TEXT(F29,"MMMM YYYY"),"Unknown") -> Unknown
A30: P0035 | B30: 87 | C30: Unknown | D30: Hypertension | E30: New Cross Hospital | F30: 45593 | G30: 12 | H30: 1002.0676 | I30: Deceased | J30: {=_xlfn.IFS(Table3[[#This Row],[Age (Years)]] < 40, "Young", Table3[[#This Row],[Age (Years)]] >= 40, "Middle", Table3[[#This Row],[Age (Years)]] > 60, "Senior")} -> Middle | K30: {=_xlfn.IFS(Table3[[#This Row],[Drug_Cost_GBP]] > 1200, "High Cost", Table3[[#This Row],[Drug_Cost_GBP]] < 1200, "Normal")} -> Normal | L30: {=IFERROR(_xlfn.IFS(Table3[[#This Row],[Age (Years)]] > 75, "YES", Table3[[#This Row],[Age (Years)]] < 75, "NO"), "UNKNOWN")} -> YES | M30: =IF(Table3[[#This Row],[Drug_Cost_GBP]] > Analysis_Sheet!$B$21, "Above Average", "Within Average") -> Within Average | N30: =IF(ISNUMBER(F30),TEXT(F30,"MMMM YYYY"),"Unknown") -> October 2024
A31: P0232 | B31: 87 | C31: MALE | D31: Hypertension | E31: Walsall Manor | F31: Unknown | G31: 12 | H31: 1002.0676 | I31: Recovered | J31: {=_xlfn.IFS(Table3[[#This Row],[Age (Years)]] < 40, "Young", Table3[[#This Row],[Age (Years)]] >= 40, "Middle", Table3[[#This Row],[Age (Years)]] > 60, "Senior")} -> Middle | K31: {=_xlfn.IFS(Table3[[#This Row],[Drug_Cost_GBP]] > 1200, "High Cost", Table3[[#This Row],[Drug_Cost_GBP]] < 1200, "Normal")} -> Normal | L31: {=IFERROR(_xlfn.IFS(Table3[[#This Row],[Age (Years)]] > 75, "YES", Table3[[#This Row],[Age (Years)]] < 75, "NO"), "UNKNOWN")} -> YES | M31: =IF(Table3[[#This Row],[Drug_Cost_GBP]] > Analysis_Sheet!$B$21, "Above Average", "Within Average") -> Within Average | N31: =IF(ISNUMBER(F31),TEXT(F31,"MMMM YYYY"),"Unknown") -> Unknown
A32: P1037 | B32: 86 | C32: Unknown | D32: Asthma | E32: New Cross Hospital | F32: 45332 | G32: 16 | H32: 1002.0676 | I32: Recovered | J32: {=_xlfn.IFS(Table3[[#This Row],[Age (Years)]] < 40, "Young", Table3[[#This Row],[Age (Years)]] >= 40, "Middle", Table3[[#This Row],[Age (Years)]] > 60, "Senior")} -> Middle | K32: {=_xlfn.IFS(Table3[[#This Row],[Drug_Cost_GBP]] > 1200, "High Cost", Table3[[#This Row],[Drug_Cost_GBP]] < 1200, "Normal")} -> Normal | L32: {=IFERROR(_xlfn.IFS(Table3[[#This Row],[Age (Years)]] > 75, "YES", Table3[[#This Row],[Age (Years)]] < 75, "NO"), "UNKNOWN")} -> YES | M32: =IF(Table3[[#This Row],[Drug_Cost_GBP]] > Analysis_Sheet!$B$21, "Above Average", "Within Average") -> Within Average | N32: =IF(ISNUMBER(F32),TEXT(F32,"MMMM YYYY"),"Unknown") -> February 2024
A33: P1039 | B33: 86 | C33: FEMALE | D33: Kidney Disease | E33: Keele Hospital | F33: 45600 | G33: 12 | H33: 147.23 | I33: Unknown | J33: {=_xlfn.IFS(Table3[[#This Row],[Age (Years)]] < 40, "Young", Table3[[#This Row],[Age (Years)]] >= 40, "Middle", Table3[[#This Row],[Age (Years)]] > 60, "Senior")} -> Middle | K33: {=_xlfn.IFS(Table3[[#This Row],[Drug_Cost_GBP]] > 1200, "High Cost", Table3[[#This Row],[Drug_Cost_GBP]] < 1200, "Normal")} -> Normal | L33: {=IFERROR(_xlfn.IFS(Table3[[#This Row],[Age (Years)]] > 75, "YES", Table3[[#This Row],[Age (Years)]] < 75, "NO"), "UNKNOWN")} -> YES | M33: =IF(Table3[[#This Row],[Drug_Cost_GBP]] > Analysis_Sheet!$B$21, "Above Average", "Within Average") -> Within Average | N33: =IF(ISNUMBER(F33),TEXT(F33,"MMMM YYYY"),"Unknown") -> November 2024
A34: P0303 | B34: 86 | C34: MALE | D34: Copd | E34: Keele Hospital | F34: 45457 | G34: 12 | H34: 1002.0676 | I34: Deceased | J34: {=_xlfn.IFS(Table3[[#This Row],[Age (Years)]] < 40, "Young", Table3[[#This Row],[Age (Years)]] >= 40, "Middle", Table3[[#This Row],[Age (Years)]] > 60, "Senior")} -> Middle | K34: {=_xlfn.IFS(Table3[[#This Row],[Drug_Cost_GBP]] > 1200, "High Cost", Table3[[#This Row],[Drug_Cost_GBP]] < 1200, "Normal")} -> Normal | L34: {=IFERROR(_xlfn.IFS(Table3[[#This Row],[Age (Years)]] > 75, "YES", Table3[[#This Row],[Age (Years)]] < 75, "NO"), "UNKNOWN")} -> YES | M34: =IF(Table3[[#This Row],[Drug_Cost_GBP]] > Analysis_Sheet!$B$21, "Above Average", "Within Average") -> Within Average | N34: =IF(ISNUMBER(F34),TEXT(F34,"MMMM YYYY"),"Unknown") -> June 2024
A35: P0974 | B35: 85 | C35: Unknown | D35: Unknown | E35: New Cross Hospital | F35: 45598 | G35: 12 | H35: 963.47 | I35: Unknown | J35: {=_xlfn.IFS(Table3[[#This Row],[Age (Years)]] < 40, "Young", Table3[[#This Row],[Age (Years)]] >= 40, "Middle", Table3[[#This Row],[Age (Years)]] > 60, "Senior")} -> Middle | K35: {=_xlfn.IFS(Table3[[#This Row],[Drug_Cost_GBP]] > 1200, "High Cost", Table3[[#This Row],[Drug_Cost_GBP]] < 1200, "Normal")} -> Normal | L35: {=IFERROR(_xlfn.IFS(Table3[[#This Row],[Age (Years)]] > 75, "YES", Table3[[#This Row],[Age (Years)]] < 75, "NO"), "UNKNOWN")} -> YES | M35: =IF(Table3[[#This Row],[Drug_Cost_GBP]] > Analysis_Sheet!$B$21, "Above Average", "Within Average") -> Within Average | N35: =IF(ISNUMBER(F35),TEXT(F35,"MMMM YYYY"),"Unknown") -> November 2024
A36: P1011 | B36: 84 | C36: Unknown | D36: Diabetes | E36: New Cross Hospital | F36: 45412 | G36: 12 | H36: 1002.0676 | I36: Recovered | J36: {=_xlfn.IFS(Table3[[#This Row],[Age (Years)]] < 40, "Young", Table3[[#This Row],[Age (Years)]] >= 40, "Middle", Table3[[#This Row],[Age (Years)]] > 60, "Senior")} -> Middle | K36: {=_xlfn.IFS(Table3[[#This Row],[Drug_Cost_GBP]] > 1200, "High Cost", Table3[[#This Row],[Drug_Cost_GBP]] < 1200, "Normal")} -> Normal | L36: {=IFERROR(_xlfn.IFS(Table3[[#This Row],[Age (Years)]] > 75, "YES", Table3[[#This Row],[Age (Years)]] < 75, "NO"), "UNKNOWN")} -> YES | M36: =IF(Table3[[#This Row],[Drug_Cost_GBP]] > Analysis_Sheet!$B$21, "Above Average", "Within Average") -> Within Average | N36: =IF(ISNUMBER(F36),TEXT(F36,"MMMM YYYY"),"Unknown") -> April 2024
A37: P0144 | B37: 84 | C37: MALE | D37: Kidney Disease | E37: Stoke Hospital | F37: Unknown | G37: 12 | H37: 587.36 | I37: Ongoing | J37: {=_xlfn.IFS(Table3[[#This Row],[Age (Years)]] < 40, "Young", Table3[[#This Row],[Age (Years)]] >= 40, "Middle", Table3[[#This Row],[Age (Years)]] > 60, "Senior")} -> Middle | K37: {=_xlfn.IFS(Table3[[#This Row],[Drug_Cost_GBP]] > 1200, "High Cost", Table3[[#This Row],[Drug_Cost_GBP]] < 1200, "Normal")} -> Normal | L37: {=IFERROR(_xlfn.IFS(Table3[[#This Row],[Age (Years)]] > 75, "YES", Table3[[#This Row],[Age (Years)]] < 75, "NO"), "UNKNOWN")} -> YES | M37: =IF(Table3[[#This Row],[Drug_Cost_GBP]] > Analysis_Sheet!$B$21, "Above Average", "Within Average") -> Within Average | N37: =IF(ISNUMBER(F37),TEXT(F37,"MMMM YYYY"),"Unknown") -> Unknown
A38: P0478 | B38: 84 | C38: FEMALE | D38: Heart Disease | E38: New Cross Hospital | F38: 45385 | G38: 12 | H38: 1071.35 | I38: Ongoing | J38: {=_xlfn.IFS(Table3[[#This Row],[Age (Years)]] < 40, "Young", Table3[[#This Row],[Age (Years)]] >= 40, "Middle", Table3[[#This Row],[Age (Years)]] > 60, "Senior")} -> Middle | K38: {=_xlfn.IFS(Table3[[#This Row],[Drug_Cost_GBP]] > 1200, "High Cost", Table3[[#This Row],[Drug_Cost_GBP]] < 1200, "Normal")} -> Normal | L38: {=IFERROR(_xlfn.IFS(Table3[[#This Row],[Age (Years)]] > 75, "YES", Table3[[#This Row],[Age (Years)]] < 75, "NO"), "UNKNOWN")} -> YES | M38: =IF(Table3[[#This Row],[Drug_Cost_GBP]] > Analysis_Sheet!$B$21, "Above Average", "Within Average") -> Above Average | N38: =IF(ISNUMBER(F38),TEXT(F38,"MMMM YYYY"),"Unknown") -> April 2024
A39: P0910 | B39: 83 | C39: Unknown | D39: Stroke | E39: Russells Hall Hospital | F39: 45532 | G39: 12 | H39: 1002.0676 | I39: Referred | J39: {=_xlfn.IFS(Table3[[#This Row],[Age (Years)]] < 40, "Young", Table3[[#This Row],[Age (Years)]] >= 40, "Middle", Table3[[#This Row],[Age (Years)]] > 60, "Senior")} -> Middle | K39: {=_xlfn.IFS(Table3[[#This Row],[Drug_Cost_GBP]] > 1200, "High Cost", Table3[[#This Row],[Drug_Cost_GBP]] < 1200, "Normal")} -> Normal | L39: {=IFERROR(_xlfn.IFS(Table3[[#This Row],[Age (Years)]] > 75, "YES", Table3[[#This Row],[Age (Years)]] < 75, "NO"), "UNKNOWN")} -> YES | M39: =IF(Table3[[#This Row],[Drug_Cost_GBP]] > Analysis_Sheet!$B$21, "Above Average", "Within Average") -> Within Average | N39: =IF(ISNUMBER(F39),TEXT(F39,"MMMM YYYY"),"Unknown") -> August 2024
A40: P0416 | B40: 83 | C40: FEMALE | D40: Asthma | E40: Stafford Hospital | F40: 45609 | G40: 12 | H40: 1002.0676 | I40: Deceased | J40: {=_xlfn.IFS(Table3[[#This Row],[Age (Years)]] < 40, "Young", Table3[[#This Row],[Age (Years)]] >= 40, "Middle", Table3[[#This Row],[Age (Years)]] > 60, "Senior")} -> Middle | K40: {=_xlfn.IFS(Table3[[#This Row],[Drug_Cost_GBP]] > 1200, "High Cost", Table3[[#This Row],[Drug_Cost_GBP]] < 1200, "Normal")} -> Normal | L40: {=IFERROR(_xlfn.IFS(Table3[[#This Row],[Age (Years)]] > 75, "YES", Table3[[#This Row],[Age (Years)]] < 75, "NO"), "UNKNOWN")} -> YES | M40: =IF(Table3[[#This Row],[Drug_Cost_GBP]] > Analysis_Sheet!$B$21, "Above Average", "Within Average") -> Within Average | N40: =IF(ISNUMBER(F40),TEXT(F40,"MMMM YYYY"),"Unknown") -> November 2024
A41: P0594 | B41: 83 | C41: MALE | D41: Asthma | E41: Russells Hall Hospital | F41: 45367 | G41: 15 | H41: 1002.0676 | I41: Deceased | J41: {=_xlfn.IFS(Table3[[#This Row],[Age (Years)]] < 40, "Young", Table3[[#This Row],[Age (Years)]] >= 40, "Middle", Table3[[#This Row],[Age (Years)]] > 60, "Senior")} -> Middle | K41: {=_xlfn.IFS(Table3[[#This Row],[Drug_Cost_GBP]] > 1200, "High Cost", Table3[[#This Row],[Drug_Cost_GBP]] < 1200, "Normal")} -> Normal | L41: {=IFERROR(_xlfn.IFS(Table3[[#This Row],[Age (Years)]] > 75, "YES", Table3[[#This Row],[Age (Years)]] < 75, "NO"), "UNKNOWN")} -> YES | M41: =IF(Table3[[#This Row],[Drug_Cost_GBP]] > Analysis_Sheet!$B$21, "Above Average", "Within Average") -> Within Average | N41: =IF(ISNUMBER(F41),TEXT(F41,"MMMM YYYY"),"Unknown") -> March 2024
A42: P0224 | B42: 83 | C42: Unknown | D42: Hypertension | E42: Stoke Hospital | F42: 45376 | G42: 12 | H42: 1295.15 | I42: Unknown | J42: {=_xlfn.IFS(Table3[[#This Row],[Age (Years)]] < 40, "Young", Table3[[#This Row],[Age (Years)]] >= 40, "Middle", Table3[[#This Row],[Age (Years)]] > 60, "Senior")} -> Middle | K42: {=_xlfn.IFS(Table3[[#This Row],[Drug_Cost_GBP]] > 1200, "High Cost", Table3[[#This Row],[Drug_Cost_GBP]] < 1200, "Normal")} -> High Cost | L42: {=IFERROR(_xlfn.IFS(Table3[[#This Row],[Age (Years)]] > 75, "YES", Table3[[#This Row],[Age (Years)]] < 75, "NO"), "UNKNOWN")} -> YES | M42: =IF(Table3[[#This Row],[Drug_Cost_GBP]] > Analysis_Sheet!$B$21, "Above Average", "Within Average") -> Above Average | N42: =IF(ISNUMBER(F42),TEXT(F42,"MMMM YYYY"),"Unknown") -> March 2024
A43: P0952 | B43: 83 | C43: MALE | D43: Hypertension | E43: Stafford Hospital | F43: 45323 | G43: 12 | H43: 1592.78 | I43: Ongoing | J43: {=_xlfn.IFS(Table3[[#This Row],[Age (Years)]] < 40, "Young", Table3[[#This Row],[Age (Years)]] >= 40, "Middle", Table3[[#This Row],[Age (Years)]] > 60, "Senior")} -> Middle | K43: {=_xlfn.IFS(Table3[[#This Row],[Drug_Cost_GBP]] > 1200, "High Cost", Table3[[#This Row],[Drug_Cost_GBP]] < 1200, "Normal")} -> High Cost | L43: {=IFERROR(_xlfn.IFS(Table3[[#This Row],[Age (Years)]] > 75, "YES", Table3[[#This Row],[Age (Years)]] < 75, "NO"), "UNKNOWN")} -> YES | M43: =IF(Table3[[#This Row],[Drug_Cost_GBP]] > Analysis_Sheet!$B$21, "Above Average", "Within Average") -> Above Average | N43: =IF(ISNUMBER(F43),TEXT(F43,"MMMM YYYY"),"Unknown") -> February 2024
A44: P0075 | B44: 82 | C44: FEMALE | D44: Asthma | E44: Stoke Hospital | F44: 45323 | G44: 12 | H44: 1002.0676 | I44: Recovered | J44: {=_xlfn.IFS(Table3[[#This Row],[Age (Years)]] < 40, "Young", Table3[[#This Row],[Age (Years)]] >= 40, "Middle", Table3[[#This Row],[Age (Years)]] > 60, "Senior")} -> Middle | K44: {=_xlfn.IFS(Table3[[#This Row],[Drug_Cost_GBP]] > 1200, "High Cost", Table3[[#This Row],[Drug_Cost_GBP]] < 1200, "Normal")} -> Normal | L44: {=IFERROR(_xlfn.IFS(Table3[[#This Row],[Age (Years)]] > 75, "YES", Table3[[#This Row],[Age (Years)]] < 75, "NO"), "UNKNOWN")} -> YES | M44: =IF(Table3[[#This Row],[Drug_Cost_GBP]] > Analysis_Sheet!$B$21, "Above Average", "Within Average") -> Within Average | N44: =IF(ISNUMBER(F44),TEXT(F44,"MMMM YYYY"),"Unknown") -> February 2024
A45: P0294 | B45: 81 | C45: MALE | D45: Stroke | E45: Stafford Hospital | F45: 45318 | G45: 13 | H45: 872.71 | I45: Ongoing | J45: {=_xlfn.IFS(Table3[[#This Row],[Age (Years)]] < 40, "Young", Table3[[#This Row],[Age (Years)]] >= 40, "Middle", Table3[[#This Row],[Age (Years)]] > 60, "Senior")} -> Middle | K45: {=_xlfn.IFS(Table3[[#This Row],[Drug_Cost_GBP]] > 1200, "High Cost", Table3[[#This Row],[Drug_Cost_GBP]] < 1200, "Normal")} -> Normal | L45: {=IFERROR(_xlfn.IFS(Table3[[#This Row],[Age (Years)]] > 75, "YES", Table3[[#This Row],[Age (Years)]] < 75, "NO"), "UNKNOWN")} -> YES | M45: =IF(Table3[[#This Row],[Drug_Cost_GBP]] > Analysis_Sheet!$B$21, "Above Average", "Within Average") -> Within Average | N45: =IF(ISNUMBER(F45),TEXT(F45,"MMMM YYYY"),"Unknown") -> January 2024
A46: P0542 | B46: 81 | C46: MALE | D46: Kidney Disease | E46: New Cross Hospital | F46: Unknown | G46: 12 | H46: 1002.0676 | I46: Unknown | J46: {=_xlfn.IFS(Table3[[#This Row],[Age (Years)]] < 40, "Young", Table3[[#This Row],[Age (Years)]] >= 40, "Middle", Table3[[#This Row],[Age (Years)]] > 60, "Senior")} -> Middle | K46: {=_xlfn.IFS(Table3[[#This Row],[Drug_Cost_GBP]] > 1200, "High Cost", Table3[[#This Row],[Drug_Cost_GBP]] < 1200, "Normal")} -> Normal | L46: {=IFERROR(_xlfn.IFS(Table3[[#This Row],[Age (Years)]] > 75, "YES", Table3[[#This Row],[Age (Years)]] < 75, "NO"), "UNKNOWN")} -> YES | M46: =IF(Table3[[#This Row],[Drug_Cost_GBP]] > Analysis_Sheet!$B$21, "Above Average", "Within Average") -> Within Average | N46: =IF(ISNUMBER(F46),TEXT(F46,"MMMM YYYY"),"Unknown") -> Unknown
A47: P0436 | B47: 81 | C47: FEMALE | D47: Copd | E47: New Cross Hospital | F47: 45451 | G47: 12 | H47: 1002.0676 | I47: Ongoing | J47: {=_xlfn.IFS(Table3[[#This Row],[Age (Years)]] < 40, "Young", Table3[[#This Row],[Age (Years)]] >= 40, "Middle", Table3[[#This Row],[Age (Years)]] > 60, "Senior")} -> Middle | K47: {=_xlfn.IFS(Table3[[#This Row],[Drug_Cost_GBP]] > 1200, "High Cost", Table3[[#This Row],[Drug_Cost_GBP]] < 1200, "Normal")} -> Normal | L47: {=IFERROR(_xlfn.IFS(Table3[[#This Row],[Age (Years)]] > 75, "YES", Table3[[#This Row],[Age (Years)]] < 75, "NO"), "UNKNOWN")} -> YES | M47: =IF(Table3[[#This Row],[Drug_Cost_GBP]] > Analysis_Sheet!$B$21, "Above Average", "Within Average") -> Within Average | N47: =IF(ISNUMBER(F47),TEXT(F47,"MMMM YYYY"),"Unknown") -> June 2024
A48: P0066 | B48: 80 | C48: FEMALE | D48: Asthma | E48: Russells Hall Hospital | F48: 45414 | G48: 7 | H48: 1047.24 | I48: Unknown | J48: {=_xlfn.IFS(Table3[[#This Row],[Age (Years)]] < 40, "Young", Table3[[#This Row],[Age (Years)]] >= 40, "Middle", Table3[[#This Row],[Age (Years)]] > 60, "Senior")} -> Middle | K48: {=_xlfn.IFS(Table3[[#This Row],[Drug_Cost_GBP]] > 1200, "High Cost", Table3[[#This Row],[Drug_Cost_GBP]] < 1200, "Normal")} -> Normal | L48: {=IFERROR(_xlfn.IFS(Table3[[#This Row],[Age (Years)]] > 75, "YES", Table3[[#This Row],[Age (Years)]] < 75, "NO"), "UNKNOWN")} -> YES | M48: =IF(Table3[[#This Row],[Drug_Cost_GBP]] > Analysis_Sheet!$B$21, "Above Average", "Within Average") -> Above Average | N48: =IF(ISNUMBER(F48),TEXT(F48,"MMMM YYYY"),"Unknown") -> May 2024
A49: P0458 | B49: 80 | C49: Unknown | D49: Diabetes | E49: New Cross Hospital | F49: 45364 | G49: 7 | H49: 1002.0676 | I49: Recovered | J49: {=_xlfn.IFS(Table3[[#This Row],[Age (Years)]] < 40, "Young", Table3[[#This Row],[Age (Years)]] >= 40, "Middle", Table3[[#This Row],[Age (Years)]] > 60, "Senior")} -> Middle | K49: {=_xlfn.IFS(Table3[[#This Row],[Drug_Cost_GBP]] > 1200, "High Cost", Table3[[#This Row],[Drug_Cost_GBP]] < 1200, "Normal")} -> Normal | L49: {=IFERROR(_xlfn.IFS(Table3[[#This Row],[Age (Years)]] > 75, "YES", Table3[[#This Row],[Age (Years)]] < 75, "NO"), "UNKNOWN")} -> YES | M49: =IF(Table3[[#This Row],[Drug_Cost_GBP]] > Analysis_Sheet!$B$21, "Above Average", "Within Average") -> Within Average | N49: =IF(ISNUMBER(F49),TEXT(F49,"MMMM YYYY"),"Unknown") -> March 2024
A50: P0481 | B50: 80 | C50: Unknown | D50: Asthma | E50: New Cross Hospital | F50: 45349 | G50: 12 | H50: 140.71 | I50: Unknown | J50: {=_xlfn.IFS(Table3[[#This Row],[Age (Years)]] < 40, "Young", Table3[[#This Row],[Age (Years)]] >= 40, "Middle", Table3[[#This Row],[Age (Years)]] > 60, "Senior")} -> Middle | K50: {=_xlfn.IFS(Table3[[#This Row],[Drug_Cost_GBP]] > 1200, "High Cost", Table3[[#This Row],[Drug_Cost_GBP]] < 1200, "Normal")} -> Normal | L50: {=IFERROR(_xlfn.IFS(Table3[[#This Row],[Age (Years)]] > 75, "YES", Table3[[#This Row],[Age (Years)]] < 75, "NO"), "UNKNOWN")} -> YES | M50: =IF(Table3[[#This Row],[Drug_Cost_GBP]] > Analysis_Sheet!$B$21, "Above Average", "Within Average") -> Within Average | N50: =IF(ISNUMBER(F50),TEXT(F50,"MMMM YYYY"),"Unknown") -> February 2024
A51: P0276 | B51: 80 | C51: FEMALE | D51: Unknown | E51: New Cross Hospital | F51: 45652 | G51: 9 | H51: 1920.54 | I51: Ongoing | J51: {=_xlfn.IFS(Table3[[#This Row],[Age (Years)]] < 40, "Young", Table3[[#This Row],[Age (Years)]] >= 40, "Middle", Table3[[#This Row],[Age (Years)]] > 60, "Senior")} -> Middle | K51: {=_xlfn.IFS(Table3[[#This Row],[Drug_Cost_GBP]] > 1200, "High Cost", Table3[[#This Row],[Drug_Cost_GBP]] < 1200, "Normal")} -> High Cost | L51: {=IFERROR(_xlfn.IFS(Table3[[#This Row],[Age (Years)]] > 75, "YES", Table3[[#This Row],[Age (Years)]] < 75, "NO"), "UNKNOWN")} -> YES | M51: =IF(Table3[[#This Row],[Drug_Cost_GBP]] > Analysis_Sheet!$B$21, "Above Average", "Within Average") -> Above Average | N51: =IF(ISNUMBER(F51),TEXT(F51,"MMMM YYYY"),"Unknown") -> December 2024
A52: P0052 | B52: 80 | C52: FEMALE | D52: Unknown | E52: Stoke Hospital | F52: 45333 | G52: 12 | H52: 1002.0676 | I52: Deceased | J52: {=_xlfn.IFS(Table3[[#This Row],[Age (Years)]] < 40, "Young", Table3[[#This Row],[Age (Years)]] >= 40, "Middle", Table3[[#This Row],[Age (Years)]] > 60, "Senior")} -> Middle | K52: {=_xlfn.IFS(Table3[[#This Row],[Drug_Cost_GBP]] > 1200, "High Cost", Table3[[#This Row],[Drug_Cost_GBP]] < 1200, "Normal")} -> Normal | L52: {=IFERROR(_xlfn.IFS(Table3[[#This Row],[Age (Years)]] > 75, "YES", Table3[[#This Row],[Age (Years)]] < 75, "NO"), "UNKNOWN")} -> YES | M52: =IF(Table3[[#This Row],[Drug_Cost_GBP]] > Analysis_Sheet!$B$21, "Above Average", "Within Average") -> Within Average | N52: =IF(ISNUMBER(F52),TEXT(F52,"MMMM YYYY"),"Unknown") -> February 2024
A53: P0804 | B53: 79 | C53: MALE | D53: Asthma | E53: New Cross Hospital | F53: 45503 | G53: 12 | H53: 1002.0676 | I53: Referred | J53: {=_xlfn.IFS(Table3[[#This Row],[Age (Years)]] < 40, "Young", Table3[[#This Row],[Age (Years)]] >= 40, "Middle", Table3[[#This Row],[Age (Years)]] > 60, "Senior")} -> Middle | K53: {=_xlfn.IFS(Table3[[#This Row],[Drug_Cost_GBP]] > 1200, "High Cost", Table3[[#This Row],[Drug_Cost_GBP]] < 1200, "Normal")} -> Normal | L53: {=IFERROR(_xlfn.IFS(Table3[[#This Row],[Age (Years)]] > 75, "YES", Table3[[#This Row],[Age (Years)]] < 75, "NO"), "UNKNOWN")} -> YES | M53: =IF(Table3[[#This Row],[Drug_Cost_GBP]] > Analysis_Sheet!$B$21, "Above Average", "Within Average") -> Within Average | N53: =IF(ISNUMBER(F53),TEXT(F53,"MMMM YYYY"),"Unknown") -> July 2024
A54: P0582 | B54: 79 | C54: FEMALE | D54: Heart Disease | E54: Russells Hall Hospital | F54: 45569 | G54: 12 | H54: 1002.0676 | I54: Unknown | J54: {=_xlfn.IFS(Table3[[#This Row],[Age (Years)]] < 40, "Young", Table3[[#This Row],[Age (Years)]] >= 40, "Middle", Table3[[#This Row],[Age (Years)]] > 60, "Senior")} -> Middle | K54: {=_xlfn.IFS(Table3[[#This Row],[Drug_Cost_GBP]] > 1200, "High Cost", Table3[[#This Row],[Drug_Cost_GBP]] < 1200, "Normal")} -> Normal | L54: {=IFERROR(_xlfn.IFS(Table3[[#This Row],[Age (Years)]] > 75, "YES", Table3[[#This Row],[Age (Years)]] < 75, "NO"), "UNKNOWN")} -> YES | M54: =IF(Table3[[#This Row],[Drug_Cost_GBP]] > Analysis_Sheet!$B$21, "Above Average", "Within Average") -> Within Average | N54: =IF(ISNUMBER(F54),TEXT(F54,"MMMM YYYY"),"Unknown") -> October 2024
A55: P1142 | B55: 79 | C55: MALE | D55: Stroke | E55: Walsall Manor | F55: 45501 | G55: 12 | H55: 1002.0676 | I55: Referred | J55: {=_xlfn.IFS(Table3[[#This Row],[Age (Years)]] < 40, "Young", Table3[[#This Row],[Age (Years)]] >= 40, "Middle", Table3[[#This Row],[Age (Years)]] > 60, "Senior")} -> Middle | K55: {=_xlfn.IFS(Table3[[#This Row],[Drug_Cost_GBP]] > 1200, "High Cost", Table3[[#This Row],[Drug_Cost_GBP]] < 1200, "Normal")} -> Normal | L55: {=IFERROR(_xlfn.IFS(Table3[[#This Row],[Age (Years)]] > 75, "YES", Table3[[#This Row],[Age (Years)]] < 75, "NO"), "UNKNOWN")} -> YES | M55: =IF(Table3[[#This Row],[Drug_Cost_GBP]] > Analysis_Sheet!$B$21, "Above Average", "Within Average") -> Within Average | N55: =IF(ISNUMBER(F55),TEXT(F55,"MMMM YYYY"),"Unknown") -> July 2024
A56: P0664 | B56: 79 | C56: FEMALE | D56: Diabetes | E56: New Cross Hospital | F56: 45553 | G56: 12 | H56: 1002.0676 | I56: Referred | J56: {=_xlfn.IFS(Table3[[#This Row],[Age (Years)]] < 40, "Young", Table3[[#This Row],[Age (Years)]] >= 40, "Middle", Table3[[#This Row],[Age (Years)]] > 60, "Senior")} -> Middle | K56: {=_xlfn.IFS(Table3[[#This Row],[Drug_Cost_GBP]] > 1200, "High Cost", Table3[[#This Row],[Drug_Cost_GBP]] < 1200, "Normal")} -> Normal | L56: {=IFERROR(_xlfn.IFS(Table3[[#This Row],[Age (Years)]] > 75, "YES", Table3[[#This Row],[Age (Years)]] < 75, "NO"), "UNKNOWN")} -> YES | M56: =IF(Table3[[#This Row],[Drug_Cost_GBP]] > Analysis_Sheet!$B$21, "Above Average", "Within Average") -> Within Average | N56: =IF(ISNUMBER(F56),TEXT(F56,"MMMM YYYY"),"Unknown") -> September 2024
A57: P0103 | B57: 79 | C57: MALE | D57: Asthma | E57: Stoke Hospital | F57: 45546 | G57: 5 | H57: 1002.0676 | I57: Deceased | J57: {=_xlfn.IFS(Table3[[#This Row],[Age (Years)]] < 40, "Young", Table3[[#This Row],[Age (Years)]] >= 40, "Middle", Table3[[#This Row],[Age (Years)]] > 60, "Senior")} -> Middle | K57: {=_xlfn.IFS(Table3[[#This Row],[Drug_Cost_GBP]] > 1200, "High Cost", Table3[[#This Row],[Drug_Cost_GBP]] < 1200, "Normal")} -> Normal | L57: {=IFERROR(_xlfn.IFS(Table3[[#This Row],[Age (Years)]] > 75, "YES", Table3[[#This Row],[Age (Years)]] < 75, "NO"), "UNKNOWN")} -> YES | M57: =IF(Table3[[#This Row],[Drug_Cost_GBP]] > Analysis_Sheet!$B$21, "Above Average", "Within Average") -> Within Average | N57: =IF(ISNUMBER(F57),TEXT(F57,"MMMM YYYY"),"Unknown") -> September 2024
A58: P1017 | B58: 79 | C58: FEMALE | D58: Diabetes | E58: Stoke Hospital | F58: 45448 | G58: 12 | H58: 1002.0676 | I58: Recovered | J58: {=_xlfn.IFS(Table3[[#This Row],[Age (Years)]] < 40, "Young", Table3[[#This Row],[Age (Years)]] >= 40, "Middle", Table3[[#This Row],[Age (Years)]] > 60, "Senior")} -> Middle | K58: {=_xlfn.IFS(Table3[[#This Row],[Drug_Cost_GBP]] > 1200, "High Cost", Table3[[#This Row],[Drug_Cost_GBP]] < 1200, "Normal")} -> Normal | L58: {=IFERROR(_xlfn.IFS(Table3[[#This Row],[Age (Years)]] > 75, "YES", Table3[[#This Row],[Age (Years)]] < 75, "NO"), "UNKNOWN")} -> YES | M58: =IF(Table3[[#This Row],[Drug_Cost_GBP]] > Analysis_Sheet!$B$21, "Above Average", "Within Average") -> Within Average | N58: =IF(ISNUMBER(F58),TEXT(F58,"MMMM YYYY"),"Unknown") -> June 2024
... A60: P1059 | B60: 79 | C60: Unknown | D60: Asthma | E60: Stoke Hospital | F60: 45569 | G60: 6 | H60: 1724.93 | I60: Recovered | J60: {=_xlfn.IFS(Table3[[#This Row],[Age (Years)]] < 40, "Young", Table3[[#This Row],[Age (Years)]] >= 40, "Middle", Table3[[#This Row],[Age (Years)]] > 60, "Senior")} -> Middle | K60: {=_xlfn.IFS(Table3[[#This Row],[Drug_Cost_GBP]] > 1200, "High Cost", Table3[[#This Row],[Drug_Cost_GBP]] < 1200, "Normal")} -> High Cost | L60: {=IFERROR(_xlfn.IFS(Table3[[#This Row],[Age (Years)]] > 75, "YES", Table3[[#This Row],[Age (Years)]] < 75, "NO"), "UNKNOWN")} -> YES | M60: =IF(Table3[[#This Row],[Drug_Cost_GBP]] > Analysis_Sheet!$B$21, "Above Average", "Within Average") -> Above Average | N60: =IF(ISNUMBER(F60),TEXT(F60,"MMMM YYYY"),"Unknown") -> October 2024
A61: P0032 | B61: 79 | C61: Unknown | D61: Diabetes | E61: Keele Hospital | F61: Unknown | G61: 7 | H61: 1002.0676 | I61: Referred | J61: {=_xlfn.IFS(Table3[[#This Row],[Age (Years)]] < 40, "Young", Table3[[#This Row],[Age (Years)]] >= 40, "Middle", Table3[[#This Row],[Age (Years)]] > 60, "Senior")} -> Middle | K61: {=_xlfn.IFS(Table3[[#This Row],[Drug_Cost_GBP]] > 1200, "High Cost", Table3[[#This Row],[Drug_Cost_GBP]] < 1200, "Normal")} -> Normal | L61: {=IFERROR(_xlfn.IFS(Table3[[#This Row],[Age (Years)]] > 75, "YES", Table3[[#This Row],[Age (Years)]] < 75, "NO"), "UNKNOWN")} -> YES | M61: =IF(Table3[[#This Row],[Drug_Cost_GBP]] > Analysis_Sheet!$B$21, "Above Average", "Within Average") -> Within Average | N61: =IF(ISNUMBER(F61),TEXT(F61,"MMMM YYYY"),"Unknown") -> Unknown
A62: P0608 | B62: 79 | C62: MALE | D62: Unknown | E62: Stoke Hospital | F62: 45466 | G62: 12 | H62: 475.96 | I62: Ongoing | J62: {=_xlfn.IFS(Table3[[#This Row],[Age (Years)]] < 40, "Young", Table3[[#This Row],[Age (Years)]] >= 40, "Middle", Table3[[#This Row],[Age (Years)]] > 60, "Senior")} -> Middle | K62: {=_xlfn.IFS(Table3[[#This Row],[Drug_Cost_GBP]] > 1200, "High Cost", Table3[[#This Row],[Drug_Cost_GBP]] < 1200, "Normal")} -> Normal | L62: {=IFERROR(_xlfn.IFS(Table3[[#This Row],[Age (Years)]] > 75, "YES", Table3[[#This Row],[Age (Years)]] < 75, "NO"), "UNKNOWN")} -> YES | M62: =IF(Table3[[#This Row],[Drug_Cost_GBP]] > Analysis_Sheet!$B$21, "Above Average", "Within Average") -> Within Average | N62: =IF(ISNUMBER(F62),TEXT(F62,"MMMM YYYY"),"Unknown") -> June 2024
A63: P0880 | B63: 78 | C63: FEMALE | D63: Heart Disease | E63: Walsall Manor | F63: 45489 | G63: 12 | H63: 1237.9 | I63: Unknown | J63: {=_xlfn.IFS(Table3[[#This Row],[Age (Years)]] < 40, "Young", Table3[[#This Row],[Age (Years)]] >= 40, "Middle", Table3[[#This Row],[Age (Years)]] > 60, "Senior")} -> Middle | K63: {=_xlfn.IFS(Table3[[#This Row],[Drug_Cost_GBP]] > 1200, "High Cost", Table3[[#This Row],[Drug_Cost_GBP]] < 1200, "Normal")} -> High Cost | L63: {=IFERROR(_xlfn.IFS(Table3[[#This Row],[Age (Years)]] > 75, "YES", Table3[[#This Row],[Age (Years)]] < 75, "NO"), "UNKNOWN")} -> YES | M63: =IF(Table3[[#This Row],[Drug_Cost_GBP]] > Analysis_Sheet!$B$21, "Above Average", "Within Average") -> Above Average | N63: =IF(ISNUMBER(F63),TEXT(F63,"MMMM YYYY"),"Unknown") -> July 2024
A64: P0424 | B64: 78 | C64: Unknown | D64: Hypertension | E64: Walsall Manor | F64: 45485 | G64: 12 | H64: 262.12 | I64: Unknown | J64: {=_xlfn.IFS(Table3[[#This Row],[Age (Years)]] < 40, "Young", Table3[[#This Row],[Age (Years)]] >= 40, "Middle", Table3[[#This Row],[Age (Years)]] > 60, "Senior")} -> Middle | K64: {=_xlfn.IFS(Table3[[#This Row],[Drug_Cost_GBP]] > 1200, "High Cost", Table3[[#This Row],[Drug_Cost_GBP]] < 1200, "Normal")} -> Normal | L64: {=IFERROR(_xlfn.IFS(Table3[[#This Row],[Age (Years)]] > 75, "YES", Table3[[#This Row],[Age (Years)]] < 75, "NO"), "UNKNOWN")} -> YES | M64: =IF(Table3[[#This Row],[Drug_Cost_GBP]] > Analysis_Sheet!$B$21, "Above Average", "Within Average") -> Within Average | N64: =IF(ISNUMBER(F64),TEXT(F64,"MMMM YYYY"),"Unknown") -> July 2024
A65: P0121 | B65: 78 | C65: FEMALE | D65: Copd | E65: New Cross Hospital | F65: 45365 | G65: 12 | H65: 1002.0676 | I65: Recovered | J65: {=_xlfn.IFS(Table3[[#This Row],[Age (Years)]] < 40, "Young", Table3[[#This Row],[Age (Years)]] >= 40, "Middle", Table3[[#This Row],[Age (Years)]] > 60, "Senior")} -> Middle | K65: {=_xlfn.IFS(Table3[[#This Row],[Drug_Cost_GBP]] > 1200, "High Cost", Table3[[#This Row],[Drug_Cost_GBP]] < 1200, "Normal")} -> Normal | L65: {=IFERROR(_xlfn.IFS(Table3[[#This Row],[Age (Years)]] > 75, "YES", Table3[[#This Row],[Age (Years)]] < 75, "NO"), "UNKNOWN")} -> YES | M65: =IF(Table3[[#This Row],[Drug_Cost_GBP]] > Analysis_Sheet!$B$21, "Above Average", "Within Average") -> Within Average | N65: =IF(ISNUMBER(F65),TEXT(F65,"MMMM YYYY"),"Unknown") -> March 2024
A66: P0235 | B66: 78 | C66: MALE | D66: Hypertension | E66: Walsall Manor | F66: Unknown | G66: 12 | H66: 1002.0676 | I66: Unknown | J66: {=_xlfn.IFS(Table3[[#This Row],[Age (Years)]] < 40, "Young", Table3[[#This Row],[Age (Years)]] >= 40, "Middle", Table3[[#This Row],[Age (Years)]] > 60, "Senior")} -> Middle | K66: {=_xlfn.IFS(Table3[[#This Row],[Drug_Cost_GBP]] > 1200, "High Cost", Table3[[#This Row],[Drug_Cost_GBP]] < 1200, "Normal")} -> Normal | L66: {=IFERROR(_xlfn.IFS(Table3[[#This Row],[Age (Years)]] > 75, "YES", Table3[[#This Row],[Age (Years)]] < 75, "NO"), "UNKNOWN")} -> YES | M66: =IF(Table3[[#This Row],[Drug_Cost_GBP]] > Analysis_Sheet!$B$21, "Above Average", "Within Average") -> Within Average | N66: =IF(ISNUMBER(F66),TEXT(F66,"MMMM YYYY"),"Unknown") -> Unknown
A67: P0821 | B67: 78 | C67: FEMALE | D67: Diabetes | E67: New Cross Hospital | F67: 45397 | G67: 7 | H67: 847.64 | I67: Ongoing | J67: {=_xlfn.IFS(Table3[[#This Row],[Age (Years)]] < 40, "Young", Table3[[#This Row],[Age (Years)]] >= 40, "Middle", Table3[[#This Row],[Age (Years)]] > 60, "Senior")} -> Middle | K67: {=_xlfn.IFS(Table3[[#This Row],[Drug_Cost_GBP]] > 1200, "High Cost", Table3[[#This Row],[Drug_Cost_GBP]] < 1200, "Normal")} -> Normal | L67: {=IFERROR(_xlfn.IFS(Table3[[#This Row],[Age (Years)]] > 75, "YES", Table3[[#This Row],[Age (Years)]] < 75, "NO"), "UNKNOWN")} -> YES | M67: =IF(Table3[[#This Row],[Drug_Cost_GBP]] > Analysis_Sheet!$B$21, "Above Average", "Within Average") -> Within Average | N67: =IF(ISNUMBER(F67),TEXT(F67,"MMMM YYYY"),"Unknown") -> April 2024
A68: P0196 | B68: 78 | C68: Unknown | D68: Diabetes | E68: Stoke Hospital | F68: 45444 | G68: 10 | H68: 1002.0676 | I68: Deceased | J68: {=_xlfn.IFS(Table3[[#This Row],[Age (Years)]] < 40, "Young", Table3[[#This Row],[Age (Years)]] >= 40, "Middle", Table3[[#This Row],[Age (Years)]] > 60, "Senior")} -> Middle | K68: {=_xlfn.IFS(Table3[[#This Row],[Drug_Cost_GBP]] > 1200, "High Cost", Table3[[#This Row],[Drug_Cost_GBP]] < 1200, "Normal")} -> Normal | L68: {=IFERROR(_xlfn.IFS(Table3[[#This Row],[Age (Years)]] > 75, "YES", Table3[[#This Row],[Age (Years)]] < 75, "NO"), "UNKNOWN")} -> YES | M68: =IF(Table3[[#This Row],[Drug_Cost_GBP]] > Analysis_Sheet!$B$21, "Above Average", "Within Average") -> Within Average | N68: =IF(ISNUMBER(F68),TEXT(F68,"MMMM YYYY"),"Unknown") -> June 2024
A69: P0015 | B69: 78 | C69: FEMALE | D69: Hypertension | E69: Keele Hospital | F69: Unknown | G69: 12 | H69: 191.86 | I69: Ongoing | J69: {=_xlfn.IFS(Table3[[#This Row],[Age (Years)]] < 40, "Young", Table3[[#This Row],[Age (Years)]] >= 40, "Middle", Table3[[#This Row],[Age (Years)]] > 60, "Senior")} -> Middle | K69: {=_xlfn.IFS(Table3[[#This Row],[Drug_Cost_GBP]] > 1200, "High Cost", Table3[[#This Row],[Drug_Cost_GBP]] < 1200, "Normal")} -> Normal | L69: {=IFERROR(_xlfn.IFS(Table3[[#This Row],[Age (Years)]] > 75, "YES", Table3[[#This Row],[Age (Years)]] < 75, "NO"), "UNKNOWN")} -> YES | M69: =IF(Table3[[#This Row],[Drug_Cost_GBP]] > Analysis_Sheet!$B$21, "Above Average", "Within Average") -> Within Average | N69: =IF(ISNUMBER(F69),TEXT(F69,"MMMM YYYY"),"Unknown") -> Unknown
A70: P0557 | B70: 78 | C70: FEMALE | D70: Heart Disease | E70: New Cross Hospital | F70: 45558 | G70: 13 | H70: 899.2 | I70: Referred | J70: {=_xlfn.IFS(Table3[[#This Row],[Age (Years)]] < 40, "Young", Table3[[#This Row],[Age (Years)]] >= 40, "Middle", Table3[[#This Row],[Age (Years)]] > 60, "Senior")} -> Middle | K70: {=_xlfn.IFS(Table3[[#This Row],[Drug_Cost_GBP]] > 1200, "High Cost", Table3[[#This Row],[Drug_Cost_GBP]] < 1200, "Normal")} -> Normal | L70: {=IFERROR(_xlfn.IFS(Table3[[#This Row],[Age (Years)]] > 75, "YES", Table3[[#This Row],[Age (Years)]] < 75, "NO"), "UNKNOWN")} -> YES | M70: =IF(Table3[[#This Row],[Drug_Cost_GBP]] > Analysis_Sheet!$B$21, "Above Average", "Within Average") -> Within Average | N70: =IF(ISNUMBER(F70),TEXT(F70,"MMMM YYYY"),"Unknown") -> September 2024
A71: P0448 | B71: 77 | C71: MALE | D71: Hypertension | E71: Russells Hall Hospital | F71: 45506 | G71: 12 | H71: 1002.0676 | I71: Recovered | J71: {=_xlfn.IFS(Table3[[#This Row],[Age (Years)]] < 40, "Young", Table3[[#This Row],[Age (Years)]] >= 40, "Middle", Table3[[#This Row],[Age (Years)]] > 60, "Senior")} -> Middle | K71: {=_xlfn.IFS(Table3[[#This Row],[Drug_Cost_GBP]] > 1200, "High Cost", Table3[[#This Row],[Drug_Cost_GBP]] < 1200, "Normal")} -> Normal | L71: {=IFERROR(_xlfn.IFS(Table3[[#This Row],[Age (Years)]] > 75, "YES", Table3[[#This Row],[Age (Years)]] < 75, "NO"), "UNKNOWN")} -> YES | M71: =IF(Table3[[#This Row],[Drug_Cost_GBP]] > Analysis_Sheet!$B$21, "Above Average", "Within Average") -> Within Average | N71: =IF(ISNUMBER(F71),TEXT(F71,"MMMM YYYY"),"Unknown") -> August 2024
A72: P0223 | B72: 77 | C72: FEMALE | D72: Diabetes | E72: Russells Hall Hospital | F72: 45499 | G72: 12 | H72: 1002.0676 | I72: Ongoing | J72: {=_xlfn.IFS(Table3[[#This Row],[Age (Years)]] < 40, "Young", Table3[[#This Row],[Age (Years)]] >= 40, "Middle", Table3[[#This Row],[Age (Years)]] > 60, "Senior")} -> Middle | K72: {=_xlfn.IFS(Table3[[#This Row],[Drug_Cost_GBP]] > 1200, "High Cost", Table3[[#This Row],[Drug_Cost_GBP]] < 1200, "Normal")} -> Normal | L72: {=IFERROR(_xlfn.IFS(Table3[[#This Row],[Age (Years)]] > 75, "YES", Table3[[#This Row],[Age (Years)]] < 75, "NO"), "UNKNOWN")} -> YES | M72: =IF(Table3[[#This Row],[Drug_Cost_GBP]] > Analysis_Sheet!$B$21, "Above Average", "Within Average") -> Within Average | N72: =IF(ISNUMBER(F72),TEXT(F72,"MMMM YYYY"),"Unknown") -> July 2024
A73: P0238 | B73: 77 | C73: FEMALE | D73: Copd | E73: Russells Hall Hospital | F73: 45341 | G73: 12 | H73: 1002.0676 | I73: Ongoing | J73: {=_xlfn.IFS(Table3[[#This Row],[Age (Years)]] < 40, "Young", Table3[[#This Row],[Age (Years)]] >= 40, "Middle", Table3[[#This Row],[Age (Years)]] > 60, "Senior")} -> Middle | K73: {=_xlfn.IFS(Table3[[#This Row],[Drug_Cost_GBP]] > 1200, "High Cost", Table3[[#This Row],[Drug_Cost_GBP]] < 1200, "Normal")} -> Normal | L73: {=IFERROR(_xlfn.IFS(Table3[[#This Row],[Age (Years)]] > 75, "YES", Table3[[#This Row],[Age (Years)]] < 75, "NO"), "UNKNOWN")} -> YES | M73: =IF(Table3[[#This Row],[Drug_Cost_GBP]] > Analysis_Sheet!$B$21, "Above Average", "Within Average") -> Within Average | N73: =IF(ISNUMBER(F73),TEXT(F73,"MMMM YYYY"),"Unknown") -> February 2024
A74: P1105 | B74: 76 | C74: FEMALE | D74: Unknown | E74: Stoke Hospital | F74: 45331 | G74: 12 | H74: 904.59 | I74: Unknown | J74: {=_xlfn.IFS(Table3[[#This Row],[Age (Years)]] < 40, "Young", Table3[[#This Row],[Age (Years)]] >= 40, "Middle", Table3[[#This Row],[Age (Years)]] > 60, "Senior")} -> Middle | K74: {=_xlfn.IFS(Table3[[#This Row],[Drug_Cost_GBP]] > 1200, "High Cost", Table3[[#This Row],[Drug_Cost_GBP]] < 1200, "Normal")} -> Normal | L74: {=IFERROR(_xlfn.IFS(Table3[[#This Row],[Age (Years)]] > 75, "YES", Table3[[#This Row],[Age (Years)]] < 75, "NO"), "UNKNOWN")} -> YES | M74: =IF(Table3[[#This Row],[Drug_Cost_GBP]] > Analysis_Sheet!$B$21, "Above Average", "Within Average") -> Within Average | N74: =IF(ISNUMBER(F74),TEXT(F74,"MMMM YYYY"),"Unknown") -> February 2024
A75: P0344 | B75: 76 | C75: MALE | D75: Diabetes | E75: Stoke Hospital | F75: 45380 | G75: 12 | H75: 563.06 | I75: Referred | J75: {=_xlfn.IFS(Table3[[#This Row],[Age (Years)]] < 40, "Young", Table3[[#This Row],[Age (Years)]] >= 40, "Middle", Table3[[#This Row],[Age (Years)]] > 60, "Senior")} -> Middle | K75: {=_xlfn.IFS(Table3[[#This Row],[Drug_Cost_GBP]] > 1200, "High Cost", Table3[[#This Row],[Drug_Cost_GBP]] < 1200, "Normal")} -> Normal | L75: {=IFERROR(_xlfn.IFS(Table3[[#This Row],[Age (Years)]] > 75, "YES", Table3[[#This Row],[Age (Years)]] < 75, "NO"), "UNKNOWN")} -> YES | M75: =IF(Table3[[#This Row],[Drug_Cost_GBP]] > Analysis_Sheet!$B$21, "Above Average", "Within Average") -> Within Average | N75: =IF(ISNUMBER(F75),TEXT(F75,"MMMM YYYY"),"Unknown") -> March 2024
A76: P0521 | B76: 76 | C76: FEMALE | D76: Stroke | E76: Stoke Hospital | F76: 45618 | G76: 20 | H76: 1002.0676 | I76: Ongoing | J76: {=_xlfn.IFS(Table3[[#This Row],[Age (Years)]] < 40, "Young", Table3[[#This Row],[Age (Years)]] >= 40, "Middle", Table3[[#This Row],[Age (Years)]] > 60, "Senior")} -> Middle | K76: {=_xlfn.IFS(Table3[[#This Row],[Drug_Cost_GBP]] > 1200, "High Cost", Table3[[#This Row],[Drug_Cost_GBP]] < 1200, "Normal")} -> Normal | L76: {=IFERROR(_xlfn.IFS(Table3[[#This Row],[Age (Years)]] > 75, "YES", Table3[[#This Row],[Age (Years)]] < 75, "NO"), "UNKNOWN")} -> YES | M76: =IF(Table3[[#This Row],[Drug_Cost_GBP]] > Analysis_Sheet!$B$21, "Above Average", "Within Average") -> Within Average | N76: =IF(ISNUMBER(F76),TEXT(F76,"MMMM YYYY"),"Unknown") -> November 2024
A77: P0390 | B77: 76 | C77: MALE | D77: Copd | E77: Walsall Manor | F77: 45430 | G77: 12 | H77: 1002.0676 | I77: Unknown | J77: {=_xlfn.IFS(Table3[[#This Row],[Age (Years)]] < 40, "Young", Table3[[#This Row],[Age (Years)]] >= 40, "Middle", Table3[[#This Row],[Age (Years)]] > 60, "Senior")} -> Middle | K77: {=_xlfn.IFS(Table3[[#This Row],[Drug_Cost_GBP]] > 1200, "High Cost", Table3[[#This Row],[Drug_Cost_GBP]] < 1200, "Normal")} -> Normal | L77: {=IFERROR(_xlfn.IFS(Table3[[#This Row],[Age (Years)]] > 75, "YES", Table3[[#This Row],[Age (Years)]] < 75, "NO"), "UNKNOWN")} -> YES | M77: =IF(Table3[[#This Row],[Drug_Cost_GBP]] > Analysis_Sheet!$B$21, "Above Average", "Within Average") -> Within Average | N77: =IF(ISNUMBER(F77),TEXT(F77,"MMMM YYYY"),"Unknown") -> May 2024
A78: P0171 | B78: 76 | C78: Unknown | D78: Stroke | E78: Russells Hall Hospital | F78: 45559 | G78: 7 | H78: 1002.0676 | I78: Referred | J78: {=_xlfn.IFS(Table3[[#This Row],[Age (Years)]] < 40, "Young", Table3[[#This Row],[Age (Years)]] >= 40, "Middle", Table3[[#This Row],[Age (Years)]] > 60, "Senior")} -> Middle | K78: {=_xlfn.IFS(Table3[[#This Row],[Drug_Cost_GBP]] > 1200, "High Cost", Table3[[#This Row],[Drug_Cost_GBP]] < 1200, "Normal")} -> Normal | L78: {=IFERROR(_xlfn.IFS(Table3[[#This Row],[Age (Years)]] > 75, "YES", Table3[[#This Row],[Age (Years)]] < 75, "NO"), "UNKNOWN")} -> YES | M78: =IF(Table3[[#This Row],[Drug_Cost_GBP]] > Analysis_Sheet!$B$21, "Above Average", "Within Average") -> Within Average | N78: =IF(ISNUMBER(F78),TEXT(F78,"MMMM YYYY"),"Unknown") -> September 2024
A79: P0042 | B79: 76 | C79: MALE | D79: Heart Disease | E79: Russells Hall Hospital | F79: 45406 | G79: 15 | H79: 1002.0676 | I79: Ongoing | J79: {=_xlfn.IFS(Table3[[#This Row],[Age (Years)]] < 40, "Young", Table3[[#This Row],[Age (Years)]] >= 40, "Middle", Table3[[#This Row],[Age (Years)]] > 60, "Senior")} -> Middle | K79: {=_xlfn.IFS(Table3[[#This Row],[Drug_Cost_GBP]] > 1200, "High Cost", Table3[[#This Row],[Drug_Cost_GBP]] < 1200, "Normal")} -> Normal | L79: {=IFERROR(_xlfn.IFS(Table3[[#This Row],[Age (Years)]] > 75, "YES", Table3[[#This Row],[Age (Years)]] < 75, "NO"), "UNKNOWN")} -> YES | M79: =IF(Table3[[#This Row],[Drug_Cost_GBP]] > Analysis_Sheet!$B$21, "Above Average", "Within Average") -> Within Average | N79: =IF(ISNUMBER(F79),TEXT(F79,"MMMM YYYY"),"Unknown") -> April 2024
A80: P0058 | B80: 76 | C80: FEMALE | D80: Unknown | E80: Keele Hospital | F80: 45387 | G80: 2 | H80: 1002.0676 | I80: Deceased | J80: {=_xlfn.IFS(Table3[[#This Row],[Age (Years)]] < 40, "Young", Table3[[#This Row],[Age (Years)]] >= 40, "Middle", Table3[[#This Row],[Age (Years)]] > 60, "Senior")} -> Middle | K80: {=_xlfn.IFS(Table3[[#This Row],[Drug_Cost_GBP]] > 1200, "High Cost", Table3[[#This Row],[Drug_Cost_GBP]] < 1200, "Normal")} -> Normal | L80: {=IFERROR(_xlfn.IFS(Table3[[#This Row],[Age (Years)]] > 75, "YES", Table3[[#This Row],[Age (Years)]] < 75, "NO"), "UNKNOWN")} -> YES | M80: =IF(Table3[[#This Row],[Drug_Cost_GBP]] > Analysis_Sheet!$B$21, "Above Average", "Within Average") -> Within Average | N80: =IF(ISNUMBER(F80),TEXT(F80,"MMMM YYYY"),"Unknown") -> April 2024
A81: P0751 | B81: 76 | C81: MALE | D81: Diabetes | E81: Walsall Manor | F81: 45457 | G81: 4 | H81: 1002.0676 | I81: Referred | J81: {=_xlfn.IFS(Table3[[#This Row],[Age (Years)]] < 40, "Young", Table3[[#This Row],[Age (Years)]] >= 40, "Middle", Table3[[#This Row],[Age (Years)]] > 60, "Senior")} -> Middle | K81: {=_xlfn.IFS(Table3[[#This Row],[Drug_Cost_GBP]] > 1200, "High Cost", Table3[[#This Row],[Drug_Cost_GBP]] < 1200, "Normal")} -> Normal | L81: {=IFERROR(_xlfn.IFS(Table3[[#This Row],[Age (Years)]] > 75, "YES", Table3[[#This Row],[Age (Years)]] < 75, "NO"), "UNKNOWN")} -> YES | M81: =IF(Table3[[#This Row],[Drug_Cost_GBP]] > Analysis_Sheet!$B$21, "Above Average", "Within Average") -> Within Average | N81: =IF(ISNUMBER(F81),TEXT(F81,"MMMM YYYY"),"Unknown") -> June 2024
... A84: P0545 | B84: 75 | C84: FEMALE | D84: Unknown | E84: Stoke Hospital | F84: 45512 | G84: 12 | H84: 589.96 | I84: Unknown | J84: {=_xlfn.IFS(Table3[[#This Row],[Age (Years)]] < 40, "Young", Table3[[#This Row],[Age (Years)]] >= 40, "Middle", Table3[[#This Row],[Age (Years)]] > 60, "Senior")} -> Middle | K84: {=_xlfn.IFS(Table3[[#This Row],[Drug_Cost_GBP]] > 1200, "High Cost", Table3[[#This Row],[Drug_Cost_GBP]] < 1200, "Normal")} -> Normal | L84: {=IFERROR(_xlfn.IFS(Table3[[#This Row],[Age (Years)]] > 75, "YES", Table3[[#This Row],[Age (Years)]] < 75, "NO"), "UNKNOWN")} -> UNKNOWN | M84: =IF(Table3[[#This Row],[Drug_Cost_GBP]] > Analysis_Sheet!$B$21, "Above Average", "Within Average") -> Within Average | N84: =IF(ISNUMBER(F84),TEXT(F84,"MMMM YYYY"),"Unknown") -> August 2024
A85: P0210 | B85: 75 | C85: FEMALE | D85: Diabetes | E85: Stafford Hospital | F85: Unknown | G85: 11 | H85: 1002.0676 | I85: Ongoing | J85: {=_xlfn.IFS(Table3[[#This Row],[Age (Years)]] < 40, "Young", Table3[[#This Row],[Age (Years)]] >= 40, "Middle", Table3[[#This Row],[Age (Years)]] > 60, "Senior")} -> Middle | K85: {=_xlfn.IFS(Table3[[#This Row],[Drug_Cost_GBP]] > 1200, "High Cost", Table3[[#This Row],[Drug_Cost_GBP]] < 1200, "Normal")} -> Normal | L85: {=IFERROR(_xlfn.IFS(Table3[[#This Row],[Age (Years)]] > 75, "YES", Table3[[#This Row],[Age (Years)]] < 75, "NO"), "UNKNOWN")} -> UNKNOWN | M85: =IF(Table3[[#This Row],[Drug_Cost_GBP]] > Analysis_Sheet!$B$21, "Above Average", "Within Average") -> Within Average | N85: =IF(ISNUMBER(F85),TEXT(F85,"MMMM YYYY"),"Unknown") -> Unknown
A86: P0110 | B86: 75 | C86: Unknown | D86: Diabetes | E86: Keele Hospital | F86: 45473 | G86: 12 | H86: 1002.0676 | I86: Unknown | J86: {=_xlfn.IFS(Table3[[#This Row],[Age (Years)]] < 40, "Young", Table3[[#This Row],[Age (Years)]] >= 40, "Middle", Table3[[#This Row],[Age (Years)]] > 60, "Senior")} -> Middle | K86: {=_xlfn.IFS(Table3[[#This Row],[Drug_Cost_GBP]] > 1200, "High Cost", Table3[[#This Row],[Drug_Cost_GBP]] < 1200, "Normal")} -> Normal | L86: {=IFERROR(_xlfn.IFS(Table3[[#This Row],[Age (Years)]] > 75, "YES", Table3[[#This Row],[Age (Years)]] < 75, "NO"), "UNKNOWN")} -> UNKNOWN | M86: =IF(Table3[[#This Row],[Drug_Cost_GBP]] > Analysis_Sheet!$B$21, "Above Average", "Within Average") -> Within Average | N86: =IF(ISNUMBER(F86),TEXT(F86,"MMMM YYYY"),"Unknown") -> June 2024
A87: P1183 | B87: 75 | C87: FEMALE | D87: Unknown | E87: New Cross Hospital | F87: 45585 | G87: 12 | H87: 1002.0676 | I87: Ongoing | J87: {=_xlfn.IFS(Table3[[#This Row],[Age (Years)]] < 40, "Young", Table3[[#This Row],[Age (Years)]] >= 40, "Middle", Table3[[#This Row],[Age (Years)]] > 60, "Senior")} -> Middle | K87: {=_xlfn.IFS(Table3[[#This Row],[Drug_Cost_GBP]] > 1200, "High Cost", Table3[[#This Row],[Drug_Cost_GBP]] < 1200, "Normal")} -> Normal | L87: {=IFERROR(_xlfn.IFS(Table3[[#This Row],[Age (Years)]] > 75, "YES", Table3[[#This Row],[Age (Years)]] < 75, "NO"), "UNKNOWN")} -> UNKNOWN | M87: =IF(Table3[[#This Row],[Drug_Cost_GBP]] > Analysis_Sheet!$B$21, "Above Average", "Within Average") -> Within Average | N87: =IF(ISNUMBER(F87),TEXT(F87,"MMMM YYYY"),"Unknown") -> October 2024
A88: P0602 | B88: 74 | C88: MALE | D88: Hypertension | E88: Walsall Manor | F88: 45625 | G88: 12 | H88: 1002.0676 | I88: Referred | J88: {=_xlfn.IFS(Table3[[#This Row],[Age (Years)]] < 40, "Young", Table3[[#This Row],[Age (Years)]] >= 40, "Middle", Table3[[#This Row],[Age (Years)]] > 60, "Senior")} -> Middle | K88: {=_xlfn.IFS(Table3[[#This Row],[Drug_Cost_GBP]] > 1200, "High Cost", Table3[[#This Row],[Drug_Cost_GBP]] < 1200, "Normal")} -> Normal | L88: {=IFERROR(_xlfn.IFS(Table3[[#This Row],[Age (Years)]] > 75, "YES", Table3[[#This Row],[Age (Years)]] < 75, "NO"), "UNKNOWN")} -> NO | M88: =IF(Table3[[#This Row],[Drug_Cost_GBP]] > Analysis_Sheet!$B$21, "Above Average", "Within Average") -> Within Average | N88: =IF(ISNUMBER(F88),TEXT(F88,"MMMM YYYY"),"Unknown") -> November 2024
A89: P0760 | B89: 74 | C89: MALE | D89: Diabetes | E89: Stoke Hospital | F89: 45417 | G89: 12 | H89: 1131.96 | I89: Deceased | J89: {=_xlfn.IFS(Table3[[#This Row],[Age (Years)]] < 40, "Young", Table3[[#This Row],[Age (Years)]] >= 40, "Middle", Table3[[#This Row],[Age (Years)]] > 60, "Senior")} -> Middle | K89: {=_xlfn.IFS(Table3[[#This Row],[Drug_Cost_GBP]] > 1200, "High Cost", Table3[[#This Row],[Drug_Cost_GBP]] < 1200, "Normal")} -> Normal | L89: {=IFERROR(_xlfn.IFS(Table3[[#This Row],[Age (Years)]] > 75, "YES", Table3[[#This Row],[Age (Years)]] < 75, "NO"), "UNKNOWN")} -> NO | M89: =IF(Table3[[#This Row],[Drug_Cost_GBP]] > Analysis_Sheet!$B$21, "Above Average", "Within Average") -> Above Average | N89: =IF(ISNUMBER(F89),TEXT(F89,"MMMM YYYY"),"Unknown") -> May 2024
A90: P0502 | B90: 74 | C90: FEMALE | D90: Stroke | E90: Russells Hall Hospital | F90: Unknown | G90: 12 | H90: 1002.0676 | I90: Unknown | J90: {=_xlfn.IFS(Table3[[#This Row],[Age (Years)]] < 40, "Young", Table3[[#This Row],[Age (Years)]] >= 40, "Middle", Table3[[#This Row],[Age (Years)]] > 60, "Senior")} -> Middle | K90: {=_xlfn.IFS(Table3[[#This Row],[Drug_Cost_GBP]] > 1200, "High Cost", Table3[[#This Row],[Drug_Cost_GBP]] < 1200, "Normal")} -> Normal | L90: {=IFERROR(_xlfn.IFS(Table3[[#This Row],[Age (Years)]] > 75, "YES", Table3[[#This Row],[Age (Years)]] < 75, "NO"), "UNKNOWN")} -> NO | M90: =IF(Table3[[#This Row],[Drug_Cost_GBP]] > Analysis_Sheet!$B$21, "Above Average", "Within Average") -> Within Average | N90: =IF(ISNUMBER(F90),TEXT(F90,"MMMM YYYY"),"Unknown") -> Unknown
A91: P0084 | B91: 73 | C91: FEMALE | D91: Hypertension | E91: Russells Hall Hospital | F91: 45473 | G91: 12 | H91: 1002.0676 | I91: Referred | J91: {=_xlfn.IFS(Table3[[#This Row],[Age (Years)]] < 40, "Young", Table3[[#This Row],[Age (Years)]] >= 40, "Middle", Table3[[#This Row],[Age (Years)]] > 60, "Senior")} -> Middle | K91: {=_xlfn.IFS(Table3[[#This Row],[Drug_Cost_GBP]] > 1200, "High Cost", Table3[[#This Row],[Drug_Cost_GBP]] < 1200, "Normal")} -> Normal | L91: {=IFERROR(_xlfn.IFS(Table3[[#This Row],[Age (Years)]] > 75, "YES", Table3[[#This Row],[Age (Years)]] < 75, "NO"), "UNKNOWN")} -> NO | M91: =IF(Table3[[#This Row],[Drug_Cost_GBP]] > Analysis_Sheet!$B$21, "Above Average", "Within Average") -> Within Average | N91: =IF(ISNUMBER(F91),TEXT(F91,"MMMM YYYY"),"Unknown") -> June 2024
A92: P0345 | B92: 73 | C92: MALE | D92: Stroke | E92: Russells Hall Hospital | F92: 45472 | G92: 3 | H92: 1002.0676 | I92: Ongoing | J92: {=_xlfn.IFS(Table3[[#This Row],[Age (Years)]] < 40, "Young", Table3[[#This Row],[Age (Years)]] >= 40, "Middle", Table3[[#This Row],[Age (Years)]] > 60, "Senior")} -> Middle | K92: {=_xlfn.IFS(Table3[[#This Row],[Drug_Cost_GBP]] > 1200, "High Cost", Table3[[#This Row],[Drug_Cost_GBP]] < 1200, "Normal")} -> Normal | L92: {=IFERROR(_xlfn.IFS(Table3[[#This Row],[Age (Years)]] > 75, "YES", Table3[[#This Row],[Age (Years)]] < 75, "NO"), "UNKNOWN")} -> NO | M92: =IF(Table3[[#This Row],[Drug_Cost_GBP]] > Analysis_Sheet!$B$21, "Above Average", "Within Average") -> Within Average | N92: =IF(ISNUMBER(F92),TEXT(F92,"MMMM YYYY"),"Unknown") -> June 2024
A93: P0890 | B93: 73 | C93: MALE | D93: Unknown | E93: Russells Hall Hospital | F93: 45657 | G93: 12 | H93: 1002.0676 | I93: Unknown | J93: {=_xlfn.IFS(Table3[[#This Row],[Age (Years)]] < 40, "Young", Table3[[#This Row],[Age (Years)]] >= 40, "Middle", Table3[[#This Row],[Age (Years)]] > 60, "Senior")} -> Middle | K93: {=_xlfn.IFS(Table3[[#This Row],[Drug_Cost_GBP]] > 1200, "High Cost", Table3[[#This Row],[Drug_Cost_GBP]] < 1200, "Normal")} -> Normal | L93: {=IFERROR(_xlfn.IFS(Table3[[#This Row],[Age (Years)]] > 75, "YES", Table3[[#This Row],[Age (Years)]] < 75, "NO"), "UNKNOWN")} -> NO | M93: =IF(Table3[[#This Row],[Drug_Cost_GBP]] > Analysis_Sheet!$B$21, "Above Average", "Within Average") -> Within Average | N93: =IF(ISNUMBER(F93),TEXT(F93,"MMMM YYYY"),"Unknown") -> December 2024
A94: P0286 | B94: 73 | C94: MALE | D94: Kidney Disease | E94: Stafford Hospital | F94: 45556 | G94: 12 | H94: 1002.0676 | I94: Referred | J94: {=_xlfn.IFS(Table3[[#This Row],[Age (Years)]] < 40, "Young", Table3[[#This Row],[Age (Years)]] >= 40, "Middle", Table3[[#This Row],[Age (Years)]] > 60, "Senior")} -> Middle | K94: {=_xlfn.IFS(Table3[[#This Row],[Drug_Cost_GBP]] > 1200, "High Cost", Table3[[#This Row],[Drug_Cost_GBP]] < 1200, "Normal")} -> Normal | L94: {=IFERROR(_xlfn.IFS(Table3[[#This Row],[Age (Years)]] > 75, "YES", Table3[[#This Row],[Age (Years)]] < 75, "NO"), "UNKNOWN")} -> NO | M94: =IF(Table3[[#This Row],[Drug_Cost_GBP]] > Analysis_Sheet!$B$21, "Above Average", "Within Average") -> Within Average | N94: =IF(ISNUMBER(F94),TEXT(F94,"MMMM YYYY"),"Unknown") -> September 2024
A95: P1021 | B95: 72 | C95: MALE | D95: Unknown | E95: Stafford Hospital | F95: 45451 | G95: 12 | H95: 1002.0676 | I95: Ongoing | J95: {=_xlfn.IFS(Table3[[#This Row],[Age (Years)]] < 40, "Young", Table3[[#This Row],[Age (Years)]] >= 40, "Middle", Table3[[#This Row],[Age (Years)]] > 60, "Senior")} -> Middle | K95: {=_xlfn.IFS(Table3[[#This Row],[Drug_Cost_GBP]] > 1200, "High Cost", Table3[[#This Row],[Drug_Cost_GBP]] < 1200, "Normal")} -> Normal | L95: {=IFERROR(_xlfn.IFS(Table3[[#This Row],[Age (Years)]] > 75, "YES", Table3[[#This Row],[Age (Years)]] < 75, "NO"), "UNKNOWN")} -> NO | M95: =IF(Table3[[#This Row],[Drug_Cost_GBP]] > Analysis_Sheet!$B$21, "Above Average", "Within Average") -> Within Average | N95: =IF(ISNUMBER(F95),TEXT(F95,"MMMM YYYY"),"Unknown") -> June 2024
A96: P0151 | B96: 72 | C96: MALE | D96: Unknown | E96: New Cross Hospital | F96: 45299 | G96: 12 | H96: 1925 | I96: Deceased | J96: {=_xlfn.IFS(Table3[[#This Row],[Age (Years)]] < 40, "Young", Table3[[#This Row],[Age (Years)]] >= 40, "Middle", Table3[[#This Row],[Age (Years)]] > 60, "Senior")} -> Middle | K96: {=_xlfn.IFS(Table3[[#This Row],[Drug_Cost_GBP]] > 1200, "High Cost", Table3[[#This Row],[Drug_Cost_GBP]] < 1200, "Normal")} -> High Cost | L96: {=IFERROR(_xlfn.IFS(Table3[[#This Row],[Age (Years)]] > 75, "YES", Table3[[#This Row],[Age (Years)]] < 75, "NO"), "UNKNOWN")} -> NO | M96: =IF(Table3[[#This Row],[Drug_Cost_GBP]] > Analysis_Sheet!$B$21, "Above Average", "Within Average") -> Above Average | N96: =IF(ISNUMBER(F96),TEXT(F96,"MMMM YYYY"),"Unknown") -> January 2024
A97: P0284 | B97: 72 | C97: MALE | D97: Kidney Disease | E97: New Cross Hospital | F97: 45472 | G97: 12 | H97: 1808.12 | I97: Recovered | J97: {=_xlfn.IFS(Table3[[#This Row],[Age (Years)]] < 40, "Young", Table3[[#This Row],[Age (Years)]] >= 40, "Middle", Table3[[#This Row],[Age (Years)]] > 60, "Senior")} -> Middle | K97: {=_xlfn.IFS(Table3[[#This Row],[Drug_Cost_GBP]] > 1200, "High Cost", Table3[[#This Row],[Drug_Cost_GBP]] < 1200, "Normal")} -> High Cost | L97: {=IFERROR(_xlfn.IFS(Table3[[#This Row],[Age (Years)]] > 75, "YES", Table3[[#This Row],[Age (Years)]] < 75, "NO"), "UNKNOWN")} -> NO | M97: =IF(Table3[[#This Row],[Drug_Cost_GBP]] > Analysis_Sheet!$B$21, "Above Average", "Within Average") -> Above Average | N97: =IF(ISNUMBER(F97),TEXT(F97,"MMMM YYYY"),"Unknown") -> June 2024
A98: P0809 | B98: 72 | C98: Unknown | D98: Stroke | E98: Stafford Hospital | F98: 45373 | G98: 12 | H98: 1002.0676 | I98: Deceased | J98: {=_xlfn.IFS(Table3[[#This Row],[Age (Years)]] < 40, "Young", Table3[[#This Row],[Age (Years)]] >= 40, "Middle", Table3[[#This Row],[Age (Years)]] > 60, "Senior")} -> Middle | K98: {=_xlfn.IFS(Table3[[#This Row],[Drug_Cost_GBP]] > 1200, "High Cost", Table3[[#This Row],[Drug_Cost_GBP]] < 1200, "Normal")} -> Normal | L98: {=IFERROR(_xlfn.IFS(Table3[[#This Row],[Age (Years)]] > 75, "YES", Table3[[#This Row],[Age (Years)]] < 75, "NO"), "UNKNOWN")} -> NO | M98: =IF(Table3[[#This Row],[Drug_Cost_GBP]] > Analysis_Sheet!$B$21, "Above Average", "Within Average") -> Within Average | N98: =IF(ISNUMBER(F98),TEXT(F98,"MMMM YYYY"),"Unknown") -> March 2024
A99: P0489 | B99: 71 | C99: FEMALE | D99: Asthma | E99: Russells Hall Hospital | F99: 45332 | G99: 4 | H99: 1002.0676 | I99: Unknown | J99: {=_xlfn.IFS(Table3[[#This Row],[Age (Years)]] < 40, "Young", Table3[[#This Row],[Age (Years)]] >= 40, "Middle", Table3[[#This Row],[Age (Years)]] > 60, "Senior")} -> Middle | K99: {=_xlfn.IFS(Table3[[#This Row],[Drug_Cost_GBP]] > 1200, "High Cost", Table3[[#This Row],[Drug_Cost_GBP]] < 1200, "Normal")} -> Normal | L99: {=IFERROR(_xlfn.IFS(Table3[[#This Row],[Age (Years)]] > 75, "YES", Table3[[#This Row],[Age (Years)]] < 75, "NO"), "UNKNOWN")} -> NO | M99: =IF(Table3[[#This Row],[Drug_Cost_GBP]] > Analysis_Sheet!$B$21, "Above Average", "Within Average") -> Within Average | N99: =IF(ISNUMBER(F99),TEXT(F99,"MMMM YYYY"),"Unknown") -> February 2024
A100: P0878 | B100: 71 | C100: MALE | D100: Stroke | E100: New Cross Hospital | F100: 45376 | G100: 18 | H100: 1031.9 | I100: Recovered | J100: {=_xlfn.IFS(Table3[[#This Row],[Age (Years)]] < 40, "Young", Table3[[#This Row],[Age (Years)]] >= 40, "Middle", Table3[[#This Row],[Age (Years)]] > 60, "Senior")} -> Middle | K100: {=_xlfn.IFS(Table3[[#This Row],[Drug_Cost_GBP]] > 1200, "High Cost", Table3[[#This Row],[Drug_Cost_GBP]] < 1200, "Normal")} -> Normal | L100: {=IFERROR(_xlfn.IFS(Table3[[#This Row],[Age (Years)]] > 75, "YES", Table3[[#This Row],[Age (Years)]] < 75, "NO"), "UNKNOWN")} -> NO | M100: =IF(Table3[[#This Row],[Drug_Cost_GBP]] > Analysis_Sheet!$B$21, "Above Average", "Within Average") -> Above Average | N100: =IF(ISNUMBER(F100),TEXT(F100,"MMMM YYYY"),"Unknown") -> March 2024
A101: P0885 | B101: 71 | C101: FEMALE | D101: Diabetes | E101: Stoke Hospital | F101: 45309 | G101: 12 | H101: 1002.0676 | I101: Deceased | J101: {=_xlfn.IFS(Table3[[#This Row],[Age (Years)]] < 40, "Young", Table3[[#This Row],[Age (Years)]] >= 40, "Middle", Table3[[#This Row],[Age (Years)]] > 60, "Senior")} -> Middle | K101: {=_xlfn.IFS(Table3[[#This Row],[Drug_Cost_GBP]] > 1200, "High Cost", Table3[[#This Row],[Drug_Cost_GBP]] < 1200, "Normal")} -> Normal | L101: {=IFERROR(_xlfn.IFS(Table3[[#This Row],[Age (Years)]] > 75, "YES", Table3[[#This Row],[Age (Years)]] < 75, "NO"), "UNKNOWN")} -> NO | M101: =IF(Table3[[#This Row],[Drug_Cost_GBP]] > Analysis_Sheet!$B$21, "Above Average", "Within Average") -> Within Average | N101: =IF(ISNUMBER(F101),TEXT(F101,"MMMM YYYY"),"Unknown") -> January 2024
A102: P0884 | B102: 71 | C102: MALE | D102: Copd | E102: Russells Hall Hospital | F102: 45460 | G102: 15 | H102: 1002.0676 | I102: Recovered | J102: {=_xlfn.IFS(Table3[[#This Row],[Age (Years)]] < 40, "Young", Table3[[#This Row],[Age (Years)]] >= 40, "Middle", Table3[[#This Row],[Age (Years)]] > 60, "Senior")} -> Middle | K102: {=_xlfn.IFS(Table3[[#This Row],[Drug_Cost_GBP]] > 1200, "High Cost", Table3[[#This Row],[Drug_Cost_GBP]] < 1200, "Normal")} -> Normal | L102: {=IFERROR(_xlfn.IFS(Table3[[#This Row],[Age (Years)]] > 75, "YES", Table3[[#This Row],[Age (Years)]] < 75, "NO"), "UNKNOWN")} -> NO | M102: =IF(Table3[[#This Row],[Drug_Cost_GBP]] > Analysis_Sheet!$B$21, "Above Average", "Within Average") -> Within Average | N102: =IF(ISNUMBER(F102),TEXT(F102,"MMMM YYYY"),"Unknown") -> June 2024
A103: P1042 | B103: 70 | C103: MALE | D103: Heart Disease | E103: Stoke Hospital | F103: Unknown | G103: 12 | H103: 163.27 | I103: Recovered | J103: {=_xlfn.IFS(Table3[[#This Row],[Age (Years)]] < 40, "Young", Table3[[#This Row],[Age (Years)]] >= 40, "Middle", Table3[[#This Row],[Age (Years)]] > 60, "Senior")} -> Middle | K103: {=_xlfn.IFS(Table3[[#This Row],[Drug_Cost_GBP]] > 1200, "High Cost", Table3[[#This Row],[Drug_Cost_GBP]] < 1200, "Normal")} -> Normal | L103: {=IFERROR(_xlfn.IFS(Table3[[#This Row],[Age (Years)]] > 75, "YES", Table3[[#This Row],[Age (Years)]] < 75, "NO"), "UNKNOWN")} -> NO | M103: =IF(Table3[[#This Row],[Drug_Cost_GBP]] > Analysis_Sheet!$B$21, "Above Average", "Within Average") -> Within Average | N103: =IF(ISNUMBER(F103),TEXT(F103,"MMMM YYYY"),"Unknown") -> Unknown
...

Sheet Analysis_Sheet
A2: Count total patients | D2: Count patients per condition | F2: Calculate total cost per condition | G2: Calculate average age per condition
A3: Calculate average age | D3: Kidney Disease | E3: =COUNTIF(Table3[Condition],Cleaned_Data!D2) -> 176 | F3: =SUMIF(Table3[Condition],Analysis_Sheet!D3,Table3[Drug_Cost_GBP]) -> 91073.646 | G3: =AVERAGEIF(Table3[Condition],Analysis_Sheet!D3,Table3[Age (Years)]) -> 56.744681
A4: Find minimum age | D4: Unknown | E4: =COUNTIF(Cleaned_Data!D:D,Cleaned_Data!D12) -> 107 | F4: =SUMIF(Table3[Condition],Analysis_Sheet!D4,Table3[Drug_Cost_GBP]) -> 112260.11 | G4: =AVERAGEIF(Table3[Condition],Analysis_Sheet!D4,Table3[Age (Years)]) -> 55.99115
A5: Find maximum age | D5: Hypertension | E5: =COUNTIF(Cleaned_Data!D:D,Table3[[#This Row],[Condition]]) -> 99 | F5: =SUMIF(Table3[Condition],Analysis_Sheet!D5,Table3[Drug_Cost_GBP]) -> 98783.826 | G5: =AVERAGEIF(Table3[Condition],Analysis_Sheet!D5,Table3[Age (Years)]) -> 56.191919
A6: Calculate total drug cost | D6: Diabetes | E6: =COUNTIF(Table3[Condition],Table3[[#This Row],[Condition]]) -> 99 | F6: =SUMIF(Table3[Condition],Analysis_Sheet!D6,Table3[Drug_Cost_GBP]) -> 179621.85 | G6: =AVERAGEIF(Table3[Condition],Analysis_Sheet!D6,Table3[Age (Years)]) -> 55.409091
A7: Calculate average drug cost | D7: Heart Disease | E7: =COUNTIF(Cleaned_Data!D:D,Cleaned_Data!D8) -> 100 | F7: =SUMIF(Table3[Condition],Analysis_Sheet!D7,Table3[Drug_Cost_GBP]) -> 75629.638 | G7: =AVERAGEIF(Table3[Condition],Analysis_Sheet!D7,Table3[Age (Years)]) -> 58.171053
A8: Count male patients | D8: Asthma | E8: =COUNTIF(Cleaned_Data!D:D,Cleaned_Data!D9) -> 107 | F8: =SUMIF(Table3[Condition],Analysis_Sheet!D8,Table3[Drug_Cost_GBP]) -> 102231.27 | G8: =AVERAGEIF(Table3[Condition],Analysis_Sheet!D8,Table3[Age (Years)]) -> 59.84
A9: Count female patients | D9: Stroke | E9: =COUNTIF(Cleaned_Data!D:D,Cleaned_Data!D15) -> 76 | F9: =SUMIF(Table3[Condition],Analysis_Sheet!D9,Table3[Drug_Cost_GBP]) -> 97148.949 | G9: =AVERAGEIF(Table3[Condition],Analysis_Sheet!D9,Table3[Age (Years)]) -> 57.666667
A10: Count patients with Diabetes | D10: Copd | E10: =COUNTIF(Cleaned_Data!D:D,Cleaned_Data!D23) -> 76 | F10: =SUMIF(Table3[Condition],Analysis_Sheet!D10,Table3[Drug_Cost_GBP]) -> 109037.08 | G10: =AVERAGEIF(Table3[Condition],Analysis_Sheet!D10,Table3[Age (Years)]) -> 58.813084
A11: Find longest hospital stay
A12: Find shortest hospital stay
A15: Calculate total cost for Diabetes patients | B15: =SUMIF(Table3[Condition],Cleaned_Data!D6,Table3[Drug_Cost_GBP]) -> 97148.949 | D15: Count patients per hospital | F15: Average drug cost per hospital | G15: Calculate average stay per hospital
D16: Walsall Manor | E16: =COUNTIF(Table3[Hospital Name],Analysis_Sheet!D16) -> 128 | F16: =AVERAGEIF(Cleaned_Data!E:E,Analysis_Sheet!D16,Cleaned_Data!H:H) -> 988.11347 | G16: =AVERAGEIF(Table3[Hospital Name],Analysis_Sheet!D16,Table3[Length_of_Stay (Days)]) -> 11.578125
A17: Count patients with stay >10 days | B17: =COUNTIF(Table3[Length_of_Stay (Days)], "> 10") -> 735 | D17: New Cross Hospital | E17: =COUNTIF(Table3[Hospital Name],Analysis_Sheet!D17) -> 219 | F17: =AVERAGEIF(Table3[Hospital Name],Analysis_Sheet!D17,Table3[Drug_Cost_GBP]) -> 1003.247 | G17: =AVERAGEIF(Table3[Hospital Name],Analysis_Sheet!D17,Table3[Length_of_Stay (Days)]) -> 11.808219
D18: Stoke Hospital | E18: =COUNTIF(Cleaned_Data!E:E,Analysis_Sheet!D18) -> 214 | F18: =AVERAGEIF(Cleaned_Data!E:E,Analysis_Sheet!D18,Cleaned_Data!H:H) -> 1039.5824 | G18: =AVERAGEIF(Table3[Hospital Name],Analysis_Sheet!D18,Table3[Length_of_Stay (Days)]) -> 11.724299
A19: Average stay for Stroke patients | B19: =AVERAGEIFS(Table3[Length_of_Stay (Days)],Table3[Condition],Cleaned_Data!D5) -> 12.222222 | D19: Stafford Hospital | E19: =COUNTIF(Cleaned_Data!E:E,Analysis_Sheet!D19) -> 104 | F19: =AVERAGEIF(Table3[Hospital Name],Analysis_Sheet!D19,Table3[Drug_Cost_GBP]) -> 1003.6567 | G19: =AVERAGEIF(Table3[Hospital Name],Analysis_Sheet!D19,Table3[Length_of_Stay (Days)]) -> 11.673077
D20: Keele Hospital | E20: =COUNTIF(Cleaned_Data!E:E,Analysis_Sheet!D20) -> 92 | F20: =AVERAGEIF(Table3[Hospital Name],Analysis_Sheet!D20,Table3[Drug_Cost_GBP]) -> 988.02153 | G20: =AVERAGEIF(Table3[Hospital Name],Analysis_Sheet!D20,Table3[Length_of_Stay (Days)]) -> 11.782609
A21: Find patients above average cost | B21: =AVERAGE(Table3[Drug_Cost_GBP]) -> 1002.0676 | D21: Russells Hall Hospital | E21: =COUNTIF(Cleaned_Data!E:E,Analysis_Sheet!D21) -> 107 | F21: =AVERAGEIF(Table3[Hospital Name],Analysis_Sheet!D21,Table3[Drug_Cost_GBP]) -> 951.84896 | G21: =AVERAGEIF(Table3[Hospital Name],Analysis_Sheet!D21,Table3[Length_of_Stay (Days)]) -> 11.280374
A24: Count patients admitted each month
A25: Month | B25: Patient Count
A26: January 2024 | B26: =COUNTIF(Cleaned_Data!$N$2:$N$865,A26) -> 58
A27: February 2024 | B27: =COUNTIF(Cleaned_Data!$N$2:$N$865,A27) -> 62
A28: March 2024 | B28: =COUNTIF(Cleaned_Data!$N$2:$N$865,A28) -> 63
A29: April 2024 | B29: =COUNTIF(Cleaned_Data!$N$2:$N$865,A29) -> 53
A30: May 2024 | B30: =COUNTIF(Cleaned_Data!$N$2:$N$865,A30) -> 58
A31: June 2024 | B31: =COUNTIF(Cleaned_Data!$N$2:$N$865,A31) -> 62
A32: July 2024 | B32: =COUNTIF(Cleaned_Data!$N$2:$N$865,A32) -> 58
A33: August 2024 | B33: =COUNTIF(Cleaned_Data!$N$2:$N$865,A33) -> 61
A34: September 2024 | B34: =COUNTIF(Cleaned_Data!$N$2:$N$865,A34) -> 56
A35: October 2024 | B35: =COUNTIF(Cleaned_Data!$N$2:$N$865,A35) -> 58
A36: November 2024 | B36: =COUNTIF(Cleaned_Data!$N$2:$N$865,A36) -> 60
A37: December 2024 | B37: =COUNTIF(Cleaned_Data!$N$2:$N$865,A37) -> 56
A38: Unknown | B38: =COUNTIF(Cleaned_Data!$N$2:$N$865,A38) -> 159
A39: TOTAL | B39: =SUM(B26:B38) -> 864

Sheet Pivot_Table
A1: Patients per hospital | D1: Top 5 most expensive patients | G1: Gender distribution per hospital
A2: Hospital | B2: Count of Patient_ID | D2: Condition | E2: Sum of Drug_Cost_GBP | G2: Count of Patient_ID | H2: Column Labels
A3: Walsall Manor | B3: 128 | D3: P0162 | E3: 1981.64 | G3: Hospital | H3: FEMALE | I3: MALE | J3: Unknown | K3: Grand Total
A4: Stoke Hospital | B4: 214 | D4: P0397 | E4: 1994.79 | G4: Keele Hospital | H4: 39 | I4: 38 | J4: 15 | K4: 92
A5: Stafford Hospital | B5: 104 | D5: P0553 | E5: 1980.5 | G5: New Cross Hospital | H5: 84 | I5: 87 | J5: 48 | K5: 219
A6: Russells Hall Hospital | B6: 107 | D6: P0636 | E6: 1977.87 | G6: Russells Hall Hospital | H6: 39 | I6: 38 | J6: 30 | K6: 107
A7: New Cross Hospital | B7: 219 | D7: P0778 | E7: 1985.44 | G7: Stafford Hospital | H7: 46 | I7: 38 | J7: 20 | K7: 104
A8: Keele Hospital | B8: 92 | D8: Grand Total | E8: 9920.24 | G8: Stoke Hospital | H8: 88 | I8: 84 | J8: 42 | K8: 214
A9: Grand Total | B9: 864 | G9: Walsall Manor | H9: 48 | I9: 50 | J9: 30 | K9: 128
G10: Grand Total | H10: 344 | I10: 335 | J10: 185 | K10: 864
A12: Average drug cost per hospital | D12: Monthly admission trend | G12: Outcome distribution per condition
A13: Hospital | B13: Average of Drug_Cost_GBP | D13: Hospital | E13: Count of Patient_ID | G13: Count of Patient_ID | H13: Column Labels
A14: Keele Hospital | B14: 988.02153 | D14: April 2024 | E14: 53 | G14: Condition | H14: Deceased | I14: Ongoing | J14: Recovered | K14: Referred | L14: Unknown | M14: Grand Total
A15: New Cross Hospital | B15: 1003.247 | D15: August 2024 | E15: 61 | G15: Asthma | H15: 21 | I15: 12 | J15: 27 | K15: 18 | L15: 22 | M15: 100
A16: Russells Hall Hospital | B16: 951.84896 | D16: December 2024 | E16: 56 | G16: Copd | H16: 24 | I16: 23 | J16: 19 | K16: 19 | L16: 22 | M16: 107
A17: Stafford Hospital | B17: 1003.6567 | D17: February 2024 | E17: 62 | G17: Diabetes | H17: 37 | I17: 38 | J17: 35 | K17: 38 | L17: 28 | M17: 176
A18: Stoke Hospital | B18: 1039.5824 | D18: January 2024 | E18: 58 | G18: Heart Disease | H18: 11 | I18: 15 | J18: 17 | K18: 17 | L18: 16 | M18: 76
A19: Walsall Manor | B19: 988.11347 | D19: July 2024 | E19: 58 | G19: Hypertension | H19: 21 | I19: 20 | J19: 26 | K19: 17 | L19: 15 | M19: 99
A20: Grand Total | B20: 1002.0676 | D20: June 2024 | E20: 62 | G20: Kidney Disease | H20: 14 | I20: 16 | J20: 28 | K20: 13 | L20: 23 | M20: 94
D21: March 2024 | E21: 63 | G21: Stroke | H21: 16 | I21: 24 | J21: 13 | K21: 27 | L21: 19 | M21: 99
D22: May 2024 | E22: 58 | G22: Unknown | H22: 14 | I22: 35 | J22: 20 | K22: 20 | L22: 24 | M22: 113
A23: Average stay per condition | D23: November 2024 | E23: 60 | G23: Grand Total | H23: 158 | I23: 183 | J23: 185 | K23: 169 | L23: 169 | M23: 864
A24: Condition | B24: Average of Length_of_Stay (Days) | D24: October 2024 | E24: 58
A25: Asthma | B25: 11.73 | D25: September 2024 | E25: 56
A26: Copd | B26: 11.523364 | D26: Unknown | E26: 159 | G26: Total cost per condition
A27: Diabetes | B27: 11.5625 | D27: Grand Total | E27: 864 | G27: Condition | H27: Sum of Drug_Cost_GBP
A28: Heart Disease | B28: 11.605263 | G28: Asthma | H28: 102231.27
A29: Hypertension | B29: 11.535354 | G29: Copd | H29: 109037.08
A30: Kidney Disease | B30: 11.946809 | D30: Total cost per hospital | G30: Diabetes | H30: 179621.85
A31: Stroke | B31: 12.222222 | D31: Hospital | E31: Sum of Drug_Cost_GBP | G31: Heart Disease | H31: 75629.638
A32: Unknown | B32: 11.362832 | D32: Keele Hospital | E32: 90897.981 | G32: Hypertension | H32: 98783.826
A33: Grand Total | B33: 11.668981 | D33: New Cross Hospital | E33: 219711.08 | G33: Kidney Disease | H33: 91073.646
D34: Russells Hall Hospital | E34: 101847.84 | G34: Stroke | H34: 97148.949
D35: Stafford Hospital | E35: 104380.3 | G35: Unknown | H35: 112260.11
D36: Stoke Hospital | E36: 222470.64 | G36: Grand Total | H36: 865786.36
D37: Walsall Manor | E37: 126478.52
D38: Grand Total | E38: 865786.36

Sheet KPI
A3: Count of Patient_ID
A4: 864
A7: Sum of Drug_Cost_GBP
A8: 865786.36
A11: Average of Length_of_Stay (Days)
A12: 11.668981
A15: Average of Age (Years)
A16: 57.15625

Sheet Dashboard
A1: Dashboard
A3: KPI
A4: Total Patients | C4: Total Drug Cost | E4: Avg Length of Stay | G4: Avg Age
A5: =KPI!A4 -> 864 | C5: =KPI!A8 -> 865786.36 | E5: =KPI!A12 -> 11.668981 | G5: =KPI!A16 -> 57.15625
